# Arapça	Türkçe okunuş: el-Cevâhirü'l-mudıyye'deki adların kelimeleri (harf-i tarifsiz). "!" adın orada bittiğini gösterir.
محمد	Muhammed
أحمد	Ahmed
علي	Ali
حسن	Hasan
إبراهيم	İbrahim
حسين	Hüseyin
بكر	Bekir
يوسف	Yusuf
عمر	Ömer
إسحاق	İshak
إسماعيل	İsmail
نصر	Nasr
يحيى	Yahya
رحمن	Rahman
قاسم	Kasım
فضل	Fazl
سعيد	Said
منصور	Mansur
هبة	Hibe
محمود	Mahmud
عبيد	Ubeyd
جعفر	Cafer
عباس	Abbas
عزيز	Aziz
موسى	Musa
عثمان	Osman
كوفي	Kufi
سليمان	Süleyman
مسعود	Mesud
صاعد	Said
يعقوب	Yakub
سعد	Sa'd
داود	Davud
ملك	Melik
زيد	Zeyd
نيسابوري	Nisaburi
رازي	Razi
بلخي	Belhi
بخاري	Buhari
بهلول	Behlul
طاهر	Tahir
عيسى	İsa
حلبي	Halebi
سلام	Selam
يزيد	Yezid
حفص	Hafs
نسفي	Nesefi
حسان	Hassan
مظفر	Muzaffer
خالد	Halid
رحيم	Rahim
حنيفة	Hanife
حمزة	Hamza
فتح	Feth
سمرقندي	Semerkandi
تنوخي	Tenuhi
حماد	Hammad
مروزي	Mervezi
دمشقي	Dımaşki
هارون	Harun
حامد	Hamid
حاتم	Hatim
زكريا	Zekeriyya
عمرو	Amr
سالم	Salim
سهل	Sehl
زياد	Ziyad
أيوب	Eyyub
بغدادي	Bağdadi
سنان	Sinan
هيثم	Heysem
واحد	Vahid
علاء	Ala
دامغاني	Damegani
حميد	Hamid
لمغاني	Lamegani
بشر	Bişr
أسد	Esed
وهاب	Vehhab
خوارزمي	Harizmi
ميمون	Meymun
أسعد	Es'ad
ضرير	Darir
صالح	Salih
جبار	Cebbar
خلف	Halef
نوح	Nuh
معالي	Maali
سرخسي	Serahsi
ليث	Leys
خليل	Halil
بصري	Basri
زهير	Züheyr
أنصاري	Ensari
هروي	Herevi
زاهد	Zahid
خالق	Halik
إدريس	İdris
مبارك	Mübarek
شعيب	Şuayb
قزويني	Kazvini
حارث	Haris
مالك	Malik
خطاب	Hattab
حنفي	Hanefi
إسترأبادي	Esterabadi
عاصم	Asım
مسلم	Müslim
نعمان	Numan
طيب	Tayyib
كريم	Kerim
صفار	Saffar
خطيبي	Hatibi
جرجاني	Cürcani
سيار	Seyyar
ثابت	Sabit
عز	İzz
عطاء	Ata
تميمي	Temimi
واسطي	Vasıti
صمد	Samed
حاكم	Hakim
يونس	Yunus
بركات	Berekat
موصلي	Mevsıli
بركة	Bereke
علوي	Alevi
دولة	Devle
مرغيناني	Merginani
سفيان	Süfyan
غالب	Galib
غزنوي	Gaznevi
سلامة	Selame
مطهر	Mutahhar
جرادة	Cerade
سعدي	Sa'di
كامل	Kamil
شجاع	Şüca
كندي	Kindi
طالب	Talib
رجاء	Reca
خضر	Hızır
مكارم	Mekarim
باقي	Baki
غياث	Gıyas
فضائل	Fezail
غفار	Gaffar
فرج	Ferec
مودود	Mevdud
تركي	Türki
كاتب	Katib
منبجي	Menbici
رزاق	Rezzak
نحوي	Nahvi
قادر	Kadir
فهم	Fehm
ناصر	Nasır
نعيم	Nuaym
أميرك	Emirek
محاسن	Mehasin
سيد	Seyyid
سلمة	Seleme
عصمة	İsme
مكي	Mekki
محسن	Muhsin
أسدي	Esedi
بندار	Bündar
مقري	Mukri
منعم	Mün'im
رزق	Rızk
بصروي	Basravi
نصير	Nasir
عباد	Abbad
غازي	Gazi
مولد	Mevled
قرية	Karye
شيباني	Şeybani
عمران	İmran
زينبي	Zeynebi
زوزني	Zevzeni
شاه	Şah
جليل	Celil
حمدان	Hamdan
صاعدي	Saidi
مدرس	Müderris
طنافسي	Tanafisi
حسيني	Hüseyni
ثقفي	Sekafi
أصبهاني	İsfahani
حكيم	Hakim
قرشي	Kureşi
شداد	Şeddad
مؤمن	Mü'min
عتيق	Atik
أديب	Edib
نضر	Nadr
حازم	Hazim
مسلمة	Mesleme
هيتي	Hiti
أنباري	Enbari
جوزجاني	Cüzcani
عامر	Amir
رئيس	Reis
شهاب	Şihab
يعلي	Ya'la
مهران	Mihran
سيرافي	Sirafi
عسكر	Asker
سليم	Selim
قيسي	Kaysi
عطية	Atiyye
قدامة	Kudame
فرح	Ferah
كرم	Kerem
بجلي	Beceli
زيادي	Ziyadi
وزير	Vezir
أزرق	Ezrak
أمية	Ümeyye
أودي	Evdi
موفق	Muvaffak
كبير	Kebir
طالقاني	Talakani
بزار	Bezzar
جارود	Carud
مصري	Mısri
حبان	Hibban
فارسي	Farisi
مرزبان	Merzuban
همداني	Hemedani
غنام	Gannam
حكم	Hakem
معاذ	Muaz
ربيع	Rebi
كرماني	Kirmani
يمان	Yeman
بسطامي	Bistami
وفاء	Vefa
دهستاني	Dihistani
وليد	Velid
غانم	Ganim
مغيرة	Mugire
حيدر	Haydar
مكحول	Mekhul
هلال	Hilal
فخر	Fahr
عقبة	Ukbe
ياسين	Yasin
مطرزي	Mutarrizi
جراح	Cerrah
خير	Hayr
داد	Dad
أمين	Emin
نوحي	Nuhi
هشام	Hişam
دهقان	Dihkan
صدر	Sadr
مؤذن	Müezzin
نصرويه	Nasrueyh
أسود	Esved
برهان	Burhan
رومي	Rumi
سيف	Seyf
عامري	Amiri
ساعد	Said
حيدرة	Haydere
كماري	Kümari
بندنيجي	Bendeniçi
بدر	Bedr
هاشمي	Haşimi
ذر	Zer
تركماني	Türkmani
خلمي	Hulmi
قطان	Kattan
طاهري	Tahiri
أستروشني	Üsruşeni
قاشاني	Kaşani
ماهان	Mahan
أزدي	Ezdi
يزداد	Yezdad
محمودي	Mahmudi
فرات	Ferat
سلم	Selm
توبة	Tevbe
طبري	Taberi
عدي	Adiy
متكلم	Mütekellim
مخارق	Muharik
إلياس	İlyas
معلي	Muallâ
بكار	Bekkar
أرسلان	Arslan
باهلي	Bahili
طرخان	Tarhan
رشيد	Reşid
سمعان	Sem'an
عوف	Avf
جنادة	Cünade
شيبان	Şeyban
لغوي	Lügavi
مسهر	Müshir
فارس	Faris
غويديني	Guveydini
نظام	Nizam
فرغاني	Fergani
صغاني	Sagani
معمر	Ma'mer
فتوح	Fütuh
رضوان	Rıdvan
ربيعة	Rebia
رمضان	Ramazan
خيثمة	Hayseme
سورة	Sevre
زريق	Züreyk
شقيق	Şakik
كناني	Kinani
حسكان	Hasekan
حذاء	Hazza
طراد	Tırad
غنائم	Ganaim
خراساني	Horasani
بيضاوي	Beyzavi
بلدحي	Beldehi
كمال	Kemal
ضبي	Dabbi
تيمي	Teymi
سمعاني	Sem'ani
سديدي	Sedidi
جويني	Cüveyni
لطيف	Latif
مطلب	Muttalib
معطي	Mu'ti
مسافر	Müsafir
حجاج	Haccac
قتيبة	Kuteybe
نحاس	Nehhas
طارق	Tarık
مديني	Medini
قضاة	Kudat
حبيب	Habib
راشدي	Raşidi
قيس	Kays
ورد	Verd
بغداد	Bağdad
سلاوي	Selavi
سعادات	Seadat
حموي	Hamevi
تاج	Tac
نور	Nur
وهيب	Vüheyb
عبدك	Abdek
هاشم	Haşim
مكحولي	Mekhuli
مفضل	Mufaddal
خزيمة	Huzeyme
هبه	Hibe
حمويه	Hamuye
زهري	Zühri
صبيح	Sabih
خان	Han
صرخدي	Sarhadi
رسعني	Res'ani
كاشغري	Kaşgari
دار	Dar
ظبيان	Zabyan
قريش	Kureyş
أسحاق	İshak
معقل	Ma'kıl
صائغ	Saiğ
خاصي	Hassi
جرير	Cerir
كتاب	!
بديل	Büdeyl
حامدي	Hamidi
كاشاني	Kaşani
صلت	Salt
طائي	Tai
أقطع	Akta
حلواني	Hulvani
أصولي	Usuli
إسترأباذي	Esterabazi
سجزي	Sicizi
فهد	Fehd
قونوي	Konevi
أذرعي	Ezrei
سلمي	Sülemi
صوفي	Sufi
حفيد	!
أمير	Emir
بزاز	Bezzaz
قصير	Kasir
مفسر	Müfessir
مزكي	Müzekki
ثلجي	Selci
ناصحي	Nasıhi
رفيل	Rufeyl
سكن	Seken
مسيب	Müseyyeb
وبري	Veberi
مقاتل	Mukatil
راوي	Ravi
أربنجني	Erbencini
تركستاني	Türkistani
مؤيد	Müeyyed
لباد	Lebbad
مارديني	Mardini
سخنام	Suhnam
شيث	Şis
جعد	Ca'd
آمدي	Amidi
سبيعي	Sebii
مجيد	Mecid
سمان	Semman
كرابيسي	Kerabisi
وأبو	!
أصفح	Asfah
أكتم	Eksem
حيان	Hayyan
ديلمي	Deylemi
شبيب	Şebib
جامع	Cami
حماني	Himmani
جبريل	Cibril
جميل	Cemil
محبوب	Mahbub
عبسي	Absi
لواتي	Levati
ترمذي	Tirmizi
عماد	İmad
علوان	Ulvan
قرة	Kurra
غجدواني	Gucduvani
شاذان	Şazan
نبيل	Nebil
حرب	Harb
حي	Hay
صديق	Sıddik
صاغرجي	Sagarci
جوهري	Cevheri
زبيدي	Zebidi
أنبأني	!
أبوعبد	!
خسرو	Hüsrev
واسمه	!
أو	!
فروخ	Ferruh
أسيد	Üseyd
حمد	Hamd
حمدون	Hamdun
زيات	Zeyyat
سمتي	Semti
خطلج	Hutluc
روبة	Rube
شجري	Şeceri
محبر	Muhabbir
رافع	Rafi
صاين	Sain
روح	Ravh
زائدة	Zaide
معاوية	Muaviye
تلميذ	!
أسامة	Üsame
بشير	Beşir
أزري	Ezri
طلحة	Talha
مروان	Mervan
ملطي	Malati
كيساني	Keysani
عمار	Ammar
راشد	Raşid
معبد	Ma'bed
حسكاني	Haskani
فتاوي	!
قبيصة	Kabisa
رب	Rab
عنزي	Anezi
عبدالرحمن	Abdurrahman
طوسي	Tusi
دبوسي	Debusi
رماح	Rammah
واسم	!
حريري	Hariri
فراوي	Feravi
فلاس	Fellas
عباسي	Abbasi
خواري	Hivari
رأيت	!
كانت	!
سلطان	Sultan
لخمي	Lahmi
عروة	Urve
صاحبنا	!
كيال	Keyyal
مهدي	Mehdi
فرغلي	Fergali
نوقدي	Nevkadi
معلى	Muallâ
قاهر	Kahir
قوي	Kavi
عتبة	Utbe
طرازي	Tarazi
عدنان	Adnan
سغدي	Suğdi
عفان	Affan
خشنام	Huşnam
سخاوي	Sehavi
أوسي	Evsi
تميم	Temim
نخعي	Nehai
خليفة	Halife
عمى	!
يمن	Yümn
أقضى	Akda
عدوي	Adevi
إسلام	İslam
قطن	Katan
غسان	Gassan
فضيل	Fudayl
عند	!
نقل	!
غني	Gani
مصنف	!
أوشي	Uşi
سنجي	Sinci
عتاب	Attab
صابوني	Sabuni
بزدوي	Pezdevi
بلبل	Bülbül
مقدسي	Makdisi
فاسي	Fasi
عسكري	Askeri
عظيم	Azim
مناقب	!
حواري	Havari
محامد	Mehamid
حديد	Hadid
شمس	Şems
عمري	Ömeri
خالدي	Halidi
شريف	Şerif
بكرأبادي	Bekrabadi
جوزي	Cevzi
مفاخر	Mefahir
معدان	Ma'dan
سكري	Sükkeri
معين	Muin
محفوظ	Mahfuz
وراق	Verrak
مسعر	Mis'ar
مطيع	Muti
نجا	Neca
نجم	Necm
فرائضي	Feraizi
وهب	Vehb
ولاد	Vellad
يعلى	Ya'la
بناء	Benna
بلالي	Bilali
عياضي	İyazi
قزاز	Kazzaz
أشعري	Eş'ari
أعمش	A'meş
كعبي	Ka'bi
آخر	!
فاطمة	Fatıma
قضاعي	Kudai
موصلى	Mevsıli
شريد	Şerid
عنبس	Anbes
مازني	Mazini
دقاق	Dekkak
رملة	Remle
شكاني	Şekkani
بم	!
طهمان	Tahman
سمح	Semh
إسكندري	İskenderi
إبرهيم	İbrahim
محتد	!
جحاف	Cehhaf
خذامي	Hizami
مذكز	!
نصروايه	Nasruveyh
ظاهري	Zahiri
أسترابادى	Esterabadi
قابوني	Kabuni
يسير	Yesir
أوله	!
شعر	!
سختام	Suhtam
مدوسة	!
كشاني	Keşani
بوني	Buni
رستم	Rüstem
ميداني	Meydani
بديع	Bedi
تمرتاشي	Timurtaşi
صنف	!
تراويح	!
سمرقند	Semerkand
رجب	Receb
خرتبرتي	Harputi
بينها	!
وبين	!
ماملة	!
مسيرة	!
يومن	!
جصيني	Cesini
مدرك	Müdrik
والبكر	!
أبادي	Abadi
حاج	Hac
درواجكي	Dervacki
شروان	Şirvan
منصرو	Mansur
سدار	Siddar
أداني	Edani
دينوري	Dineveri
زيراد	Ziyrad
شروطي	Şuruti
مفلس	Müflis
حمامي	Hammami
استربادي	Esterabadi
رمادي	Remadi
صبغي	Sıbgi
سميع	Semi
بردعي	Berdei
مكتوم	Mektum
دسكري	Deskeri
دعاء	Dua
بصراوي	Basravi
ليموسكي	Limuski
استرأباذي	Esterabazi
شير	Şir
ساغرجي	Sagarci
علثي	Ulsi
نافع	Nafi
مرزوق	Merzuk
واثق	Vasık
قلمشاه	Kalemşah
شجرة	Şecere
كسعندي	Kes'andi
خطابي	Hattabi
والفقيه	!
رزمان	Rezman
عبدوس	Abdus
زعفراني	Za'ferani
ريغدموني	Riğdemuni
أنماطي	Enmati
مايمرغي	Mayemurgi
كلاباذي	Kelabazi
أخسيكتي	Ahsikesi
قحطاني	Kahtani
ينسب	!
أفسنجي	Efsenci
سماعة	Semaa
سهلويه	Sehluye
بالثاء	!
مثلثة	!
قائم	Kaim
قهستاني	Kuhistani
أنبردواني	Enberdevani
نصيري	Nusayri
كاتي	Kati
حجي	Hacci
سكوني	Sekuni
أنطاكي	Antaki
قادم	Kadim
حارثي	Harisi
خليلي	Halili
موطأ	!
جبرئل	Cebrail
عروسه	!
شجاعي	Şücai
جندي	Cündi
شارح	!
مصباح	!
مصدق	Musaddık
مضي	!
فارقانية	!
بالقاهرة	!
تيمى	Teymi
ناجم	Nacim
جيراني	Cirani
مغربي	Mağribi
ناقد	Nakid
شبدي	Şebdi
قلانسي	Kalanisi
أخمشاد	Ahmeşad
وزدولي	Vezdevli
نضري	Nadri
تجبي	Tücibi
إسرائيل	İsrail
مندار	Mendar
يزدي	Yezdi
فضايل	Fezail
نميري	Nümeyri
بريق	Büreyk
ين	!
برغش	Burgaş
قوصي	Kusi
يكنى	!
سير	Sir
بيهقي	Beyhaki
سبيح	Sübeyh
سابري	Sabiri
أنداش	Endaş
سلاد	Sellad
سودكين	Südekin
نوري	Nuri
سواد	Sevad
صلاح	Salah
قيسارية	!
أزهري	Ezheri
زنجويه	Zencuye
سلفي	Silefi
حج	!
أشرف	Eşref
ربه	Rabbih
جماع	Cemma
فرقد	Ferkad
بنيمان	Büneyman
بيرم	Bayram
نوستكين	Nüştekin
سرور	Sürur
تكش	Tekeş
أطسز	Atsız
جابر	Cabir
كسائي	Kisai
جبارة	Cebbare
مغلس	Muğallis
أمانة	Emane
قرط	Kurt
سهربل	Sehrebil
أسترأبادي	Esterabadi
رحل	!
وسمع	!
بهرام	Behram
والدار	!
ومنصور	!
برجمي	Burcumi
بويبي	Büveybi
برمك	Bermek
شهرته	!
تغني	Tağni
جنيد	Cüneyd
أصم	Esam
لهروي	Herevi
فمغاني	Lamegani
روزبه	Ruzbih
صابر	Sabir
أهوازي	Ahvazi
حذيفة	Huzeyfe
حريث	Hureys
أوفى	Evfa
رمجاري	Ramcari
أندقي	Endaki
حضرمي	Hadrami
خطير	Hatir
نعماني	Numani
بابشاذ	Babeşaz
وزغجني	Vezgaceni
سينا	Sina
عبدالله	Abdullah
جادة	Cade
جبرئيل	Cebrail
سعود	Suud
مثنى	Müsenna
عوديني	Udeyni
غوري	Guri
مصطفى	Mustafa
خواجا	Hace
صلغدي	Sulgadi
دوركي	Devraki
بكربادي	Bekrabadi
كاغدي	Kağıdi
يلنكري	Yelengeri
سلغري	Sulguri
حر	Hurr
زغلان	Zağlan
عوفي	Avfi
ذكوان	Zekvan
نسفى	Nesefi
قاضى	!
عايذ	Aiz
زبنة	Zebne
محرز	Muhriz
يقال	!
أخسيكثي	Ahsikesi
طلق	Talk
معيد	!
أعجم	A'cem
دليل	Delil
مرداس	Mirdas
خيلامي	Haylami
حنش	Haneş
شهرستاني	Şehristani
أبابكي	Ebabeki
ويسمى	!
هادي	Hadi
قمرية	!
شلجي	Şelci
جوفي	Cevfi
خواهرزاده	Hâherzade
قحذم	Kahzem
طاي	Tai
ينتهي	!
قطلغ	Kutluğ
أنه	!
سرماري	Sermari
حديج	Hudeyc
ظهير	Zahir
أندلسي	Endelüsi
ورغجني	Vergaceni
أوس	Evs
جندب	Cündüb
جرمي	Cermi
علوية	!
باخرزي	Baharzi
سخبان	Suhban
ثوري	Sevri
عيينة	Uyeyne
هلالي	Hilali
مناشكي	Menaşeki
عتكي	Ateki
صعلوكي	Su'luki
ألوزاني	Elvezani
والدابي	!
سيبويه	Sibeveyh
شريك	Şerik
شيطا	Şeyta
صريفيني	Sarifini
كيسان	Keysan
وشعيب	!
ترجماني	Tercümani
صقر	Sakr
دميري	Demiri
ضحاك	Dahhak
مخلد	Mahled
وله	!
عافية	Afiye
صهيب	Süheyb
مشكان	Müşkan
أزهر	Ezher
برتي	Birti
شهران	Şehran
طلقي	Talki
خريبي	Hureybi
سلمان	Selman
كدني	Kedeni
صائن	Sain
وقع	!
خانقاهى	!
ناقيا	Nakiya
خليجي	Halici
سماك	Simak
نمير	Nümeyr
خارفي	Harifi
قانع	Kani
نريزي	Nerizi
وحمان	!
فيروز	Firuz
كساني	Kisani
دائم	Daim
وفاته	!
ريغذموني	Riğdemuni
عويس	Uveys
مزاحم	Müzahim
استاذ	!
به	!
علقمة	Alkame
تيم	Teym
حسكا	Hasekan
محاربي	Muharibi
يعيش	Yaiş
نصولي	Nasuli
ديرقاني	Deyrakani
موقا	Muka
شيائي	Şiyai
وشيا	!
فرضي	Feradi
مازه	Maze
رواد	Revvad
عمير	Umeyr
فرساني	Fersani
مغيث	Muğis
معظم	Muazzam
بقاء	Beka
عرفجة	Arfece
علوى	Alevi
وحشي	Vahşi
مسكي	Miski
بلدي	Beledi
وصفه	!
بالفقيه	!
أستاد	!
يه	!
رشيدي	Reşidi
عالم	Alim
وارث	Varis
تميمى	Temimi
عنبرى	Anberi
وحكايته	!
مشهورة	!
أشعت	Eş'as
عرفة	Arafe
ذخينوى	Zahinevi
عساكر	Asakir
فقال	!
علويه	Alevi
خطبي	Hutabi
ساوي	Savi
متوني	Mütevvi
سائب	Saib
يماني	Yemani
خواقندي	Havakandi
بشارة	Beşare
سبكي	Sübki
سابق	Sabık
صالحي	Salihi
ذكر	!
سيارة	!
عكرمة	İkrime
سلمقاني	Selmakani
طحاوي	Tahavi
بلال	Bilal
أنجب	Encab
حرملة	Harmele
سكلكندي	Sikilkendi
خراسان	Horasan
بابدستاني	Babdestani
بالألف	!
بين	!
بائين	!
موحدتين	!
وفتح	!
دهان	Dehhan
شهريار	Şehriyar
معمراني	Ma'merani
شيران	Şiran
مقدم	Mukaddem
مصدرين	!
نتوخي	Tenuhi
يزدادي	Yezdadi
كاس	Kas
كاسي	Kasi
كندراني	Kenderani
عطار	Attar
حذامي	Hizami
خضير	Hudayr
دنيف	Düneyf
صدئي	Sudai
شويخي	Şüveyhi
بنواحي	!
نسف	Nesef
مزلقان	Mezlekan
غندابي	Gundabi
جوري	Cevri
جاولي	Cavli
تلمس	Tilims
دمارداشي	Demirdaşi
تنكير	Tengir
ضياء	Ziya
بلبان	Balaban
خبيب	Hubeyb
زندرامسي	Zendramisi
ميغنى	Mayğani
ركن	Rükn
ثقه	!
أعاد	!
وأفاد	!
بستامي	Bistami
كجوادري	Kücvaderi
بسكون	!
لام	!
إستريكي	İsteriki
ثقة	!
سفسقي	Sefseki
أندكاني	Endekani
خشنامي	Huşnami
برهاني	Burhani
مهير	Müheyr
خصاف	Hassaf
كعب	Ka'b
قطني	Katani
أعصف	A'saf
وذكره	!
صقلي	Sıkıllı
فاخر	Fahir
بتستر	!
أسفورقاني	Esfurkani
نوهريسي	Nevherisi
صاغاني	Sagani
سيناني	Sinani
سينان	Sinan
بمرو	!
عياض	İyaz
عرني	Ureni
قرابة	!
مدينة	!
مازندران	Mazenderan
خوميني	Humeyni
قديد	Kudeyd
قطبة	Kutbe
منهال	Minhal
غنوي	Ganevi
أصرم	Asram
قيصر	Kayser
كثير	Kesir
بتي	Betti
فقرأ	!
كميل	Kümeyl
لقمان	Lokman
لؤلؤ	Lü'lü
در	Dürr
مؤدب	Müeddib
تتاري	Tatari
غوبديني	Guveydini
أنوش	Enuş
حصيري	Hasiri
واقد	Vakıd
غنايم	Ganaim
مهدوي	Mehdevi
إفريقي	İfriki
تستري	Tüsteri
يوذي	Yuzi
مسكان	Miskan
مسكاني	Miskani
سراج	Sirac
بشرويه	Bişruye
لآرجاني	Ercani
بيكندي	Beykendi
نسوي	Nesevi
جادكي	Cadeki
شهمرد	Şehmerd
رافقي	Rafiki
رغدموني	Riğdemuni
تتمة	!
شاهويه	Şahuye
شاكر	Şakir
أربلي	Erbili
ذو	Zü
نهاوندي	Nihavendi
خاقان	Hakan
خميس	Hamis
قدوري	Kuduri
أبوالطيب	Ebu't-Tayyib
(	!
اذيف	!
وأذى	!
)	!
برزالي	Birzali
خازن	Hazin
هيفاني	Heyfani
برقي	Barki
مرطي	Merti
آدم	Adem
بحاثي	Bahhasi
سروجي	Sürüci
حكيمي	Hakimi
أسلم	Eslem
أميرويه	Emiruye
سبخي	Sebhi
داوري	Daveri
بسطام	Bistam
سهمي	Sehmi
بوكرد	Bukerd
طريف	Tarif
حنظلة	Hanzala
بيع	!
ساماني	Samani
نجاكثي	Necakesi
قفال	Kaffal
أورده	!
غافر	Gafir
كردي	Kürdi
شهد	Şehd
دلقماني	Dilkımani
مرداش	Mirdaş
أيلي	Eyli
مادي	Madi
علم	Alem
حدادي	Haddadi
أرسابندي	Ersabendi
سهلوى	Sehlevi
قعنبي	Ka'nebi
خازم	Hazim
حنظلي	Hanzali
كلابي	Kilabi
زرزور	Zerzur
شادان	Şadan
صباح	Sabbah
سمناني	Simnani
طامي	Tami
قلمي	Kalemi
رامي	Rami
محمي	Mahmi
علاف	Allaf
دينار	Dinar
عبدون	Abdun
رعني	Ruayni
قطب	Kutb
ماوردي	Maverdi
صبر	Sabr
صبري	Sabri
زفتاوي	Zeftavi
أعرج	A'rec
سنجاري	Sincari
حفاظ	!
أرجاني	Ercani
مأخواني	Mahuvani
ظاهر	Zahir
قنطري	Kantari
تمام	Temmam
أزرعي	Ezrai
وهوالمدرس	!
أحدب	Ahdeb
والكاشي	!
عمرويه	Amruye
إسمعيلي	İsmaili
حنيف	Hanif
خليد	Hulayd
زكري	Zekeri
خزرجي	Hazreci
معظمية	!
بالقدس	!
مشهور	!
طبيب	Tabib
حصينا	!
يقظان	Yakzan
دستجردي	Destcerdi
أبرى	Ebri
فقية	!
زمار	Zemmar
سوتخيم	Sutehim
دهاشي	Dehaşi
مطيعي	Mutii
مازة	Maze
كرميني	Kermini
أسنجي	Esenci
عواد	Avvad
معلم	Muallim
غافل	Gafil
نجاد	Neccad
قيم	Kayyim
برمكي	Bermeki
سهم	Sehm
عروضي	Aruzi
غزوان	Gazvan
كبندوي	Kebendevi
جمال	Cemal
خيزاخزى	Hizaharzi
مستملي	Müstemli
مطوعي	Mutavvii
سجاوندي	Secavendi
مختصر	!
كلبي	Kelbi
والدي	!
جبير	Cübeyr
ماهاني	Mahani
مجد	Mecd
ختني	Hoteni
عيدي	İydi
أخ	!
ناسري	Nasiri
نهرأبادي	Nehrabadi
ولادته	!
وتمام	!
خفاف	Haffaf
مسروق	Mesruk
عنان	İnan
مكرم	Mükerrem
شعبان	Şaban
بلاساغوني	Belasaguni
بشكاني	Beşkani
جراده	Cerade
صاحب	!
جمار	Cemmar
واسع	Vasi
وباب	!
وهبان	Vehban
غويره	Guveyre
ومدرس	!
مستنصرية	!
ببغداد	!
كاساني	Kasani
نشأ	!
ببخارى	!
وسكن	!
سرخس	Serahs
عاشورية	!
والديلمية	!
أبوالفضل	Ebu'l-Fazl
حوراني	Havrani
عقيلي	Ukayli
بالقاني	Balkani
مغول	Moğol
خواص	Havvas
شحمة	Şahme
ساغوجي	Saguci
لامشي	Lamişi
سبكتكين	Sebüktekin
زنكي	Zengi
سفر	Sefer
عادل	Adil
غزي	Gazzi
أوزجندي	Özcendi
دهلوي	Dihlevi
ثناء	Sena
ولي	Veli
وأبوه	!
كدام	Kidam
شيبة	Şeybe
سندي	Sindi
غانمي	Ganimi
خرقاني	Harakani
فراهي	Ferahi
يزيدي	Yezidi
إمامي	İmami
بقيعي	Bakii
بالتشديد	!
فهو	!
مشرق	Müşrik
مشطب	Müşattab
خيني	Hayni
معتمد	Mu'temed
نقيب	Nakib
مقسم	Miksem
نفي	Nefi
سخاء	Seha
ملكشاه	Melikşah
منبدل	Menbedil
مهلب	Mühelleb
يتصل	!
بنسبه	!
مهاد	Mihad
حصفكي	Haskefi
مسند	Müsned
مؤمل	Müemmel
مسرور	Mesrur
مأمون	Me'mun
شاشي	Şaşi
خمركي	Hamreki
مأموني	Me'muni
حم	!
حاتمي	Hatimi
ميموني	Meymuni
نبا	Neba
هجام	Hacim
بيان	Beyan
أطرابلسي	Atrabulusi
طرابلس	Trablus
نبهان	Nebhan
مقداس	Mikdas
بكاسي	Bikasi
عزلو	İzlu
فصيح	Fasih
ندا	Neda
جود	Cud
بحير	Buhayr
ذهبي	Zehebi
جزء	!
نهيك	Nüheyk
حسك	Hasek
أبوسهل	Ebu Sehl
محلي	Mahalli
عين	Ayn
رصافة	Rusafe
اجتمع	!
بأحمد	!
حنبل	Hanbel
وبحث	!
معه	!
جرباذقاني	Cerbazekani
بالضاد	!
معجمة	!
جارودي	Carudi
زرنوخي	Zernuci
زندخاني	Zendehani
والتزيدي	!
دراج	Derrac
مريم	Meryem
هانيء	Hani
قثم	Kusem
جماز	Cemmaz
بكاء	Bekka
منبة	Münebbih
زجاجي	Züccaci
رضا	Rıza
أموي	Emevi
وحاظي	!
زواوي	Zevavi
حيري	Hiri
رفاعة	Rifaa
دراقزي	Derakazi
سفلاطوني	Siflatuni
ذويب	Züveyb
مطرف	Mutarrif
محرر	Muharrir
معافى	Muafa
يسار	Yesar
كشائي	Keşai
منكو	Mengü
ويلقب	!
بالبرهان	!
خميني	Humeyni
فرايضي	Feraizi
حيضي	Hayzi
نجايكثي	Necakesi
إستروشني	Üsruşeni
ختمي	Hatmi
بديري	Büdeyri
ندموني	Nedmuni
يراد	!
عانوي	Anevi
حيوء	Hayve
حيوئي	Hayvei
مخلص	Muhlis
نجيب	Necib
مدايني	Medaini
حداني	Huddani
نيسابورى	Nisaburi
إسكاف	İskaf
زين	Zeyn
حناط	Hannat
فضلي	Fazli
فردوسي	Firdevsi
إسترأباد	Esterabad
توبني	Tevbeni
جوزجاحي	Cüzcani
مداني	Medani
جويرية	Cüveyriye
مصعبي	Mus'abi
دلف	Dülef
قيراط	Kirat
زيلعي	Zeylai
صغير	Sagir
ثاني	Sani
شامي	Şami
صادق	Sadık
مري	Murri
حنوي	Hanevi
تبان	Tebban
شوارب	Şevarib
عسر	Usr
رفيق	Refik
بستي	Busti
أبوعمرو	Ebu Amr
سمرقندى	Semerkandi
إلامام	!
عماني	Ummani
قاله	!
طاووسى	Tavusi
داوودي	Davudi
بصرى	Basri
متقدم	!
ماتريدي	Matüridi
جبني	Cebeni
أرغياني	Erğiyani
يسر	Yüsr
رشداني	Rüşdani
فاضل	Fazıl
فقهاء	!
كبار	!
طيبي	Tibi
خديجة	Hatice
ست	Sitt
وزراء	!
ابنة	!
طاهرة	Tahire
مؤلف	!
تحفة	!
أصل	!
