# Arapça ad	Fukahâ'daki fakih kimliği. Hoca ve talebe adlarından, farklı yazılsa da kaydı olan bir fakihe işaret edenler; elle doğrulandı.
أبو يوسف	imam-ebu-yusuf-yakub-b-ibrahim
محمد بن الحسن	imam-muhammed-b-el-hasan-es-seybani
زفر	zufer-b-el-huzeyl-el-basri
الحسن بن زياد	el-hasan-b-ziyad-el-lului-el-kufi
قاضيخان	fahreddin-kadihan-el-hasan-b-mansur-el-ozcendi
قاضيخان الحسن بن منصور	fahreddin-kadihan-el-hasan-b-mansur-el-ozcendi
حفيده قاضيخان	fahreddin-kadihan-el-hasan-b-mansur-el-ozcendi
صاحب الهداية	burhaneddin-ali-b-ebu-bekir-el-merginani
أبوه صاحب الهداية	burhaneddin-ali-b-ebu-bekir-el-merginani
الطحاوي	ebu-cafer-ahmed-b-muhammed-et-tahavi
الدبوسي	kadi-ebu-zeyd-ubeydullah-b-omer-ed-debusi
ابن المبارك	ebu-abdurrahman-abdullah-b-el-mubarek-el-mervezi
وكيع	ebu-sufyan-veki-b-el-cerrah-el-kufi
حفص بن غياث	hafs-b-giyas-en-nehai-el-kufi
معلى بن منصور	ebu-yahya-mualla-b-mansur-er-razi
إبراهيم بن رستم	ebu-bekir-ibrahim-b-rustem-el-mervezi
أبوه حماد	hammad-b-ebu-hanife
بشر بن الوليد	kadi-bisr-b-el-velid-el-kindi
ابن أخته محمد بن محمود خواهر زاده	bedreddin-haherzade-muhammed-b-mahmud-el-kerderi
ملا خسرو	molla-husrev-muhammed-b-feramurz
المولى يكان	molla-yegan-semseddin-muhammed-b-ademhan
محمد بن أدمغان	molla-yegan-semseddin-muhammed-b-ademhan
محمد بن أدمغان (المولى يكان)	molla-yegan-semseddin-muhammed-b-ademhan
خضر بيك	hizir-bey-b-celaleddin
أبوه خضر بيك	hizir-bey-b-celaleddin
المولى خضر بيك	hizir-bey-b-celaleddin
سنان باشا	sinan-pasa-yusuf-b-hizir-bey
خطيب زاده	hatibzade-muhyiddin-muhammed
خواجه زاده	hocazade-muslihuddin-mustafa-b-yusuf-el-bursevi
خواجه زاده مصطفى	hocazade-muslihuddin-mustafa-b-yusuf-el-bursevi
مؤيد زاده	mueyyedzade-abdurrahman-b-ali-el-amasi
قاضي زاده قاسم	kadizade-kasim-er-rumi
خير الدين خليل بن قاسم	hayreddin-halil-b-kasim
خير الدين معلم السلطان	hayreddin-halil-b-kasim
المولى خير الدين معلم السلطان سليمان	hayreddin-halil-b-kasim
كمال الدين قره كمال	kemaleddin-ismail-el-karamani-kara-kemal
سعدي جلبي	sadi-celebi-sadullah-b-isa
ابن كمال باشا	kemalpasazade-ahmed-b-suleyman
شمس الدين أحمد بن كمال باشا	kemalpasazade-ahmed-b-suleyman
ابنه أبو السعود	ebussuud-efendi-muhammed-b-muhammed-el-imadi
أبوه محيي الدين محمد العمادي	muhyiddin-muhammed-el-imadi-el-iskilibi
ابنه يوسف بالي	yusuf-bali-b-molla-fenari
يوسف بن شمس الدين الفناري	yusuf-bali-b-molla-fenari
أبوه شمس الدين الفناري	molla-fenari-semseddin-muhammed-b-hamza
شمس الدين محمد الفناري	molla-fenari-semseddin-muhammed-b-hamza
أبوه علي الفناري	ali-b-yusuf-bali-el-fenari
محيي الدين جلبي	muhyiddin-celebi-muhammed-b-ali-el-fenari
أبو العلاء محمود الفرضي	semseddin-ebul-ala-mahmud-b-ebu-bekir-el-kelabazi-el-feradi
أبو العلاء محمود الكلاباذي الفرضي	semseddin-ebul-ala-mahmud-b-ebu-bekir-el-kelabazi-el-feradi
شمس الدين محمود الفرضي	semseddin-ebul-ala-mahmud-b-ebu-bekir-el-kelabazi-el-feradi
شمس الدين محمود بن أبي بكر الكلاباذي	semseddin-ebul-ala-mahmud-b-ebu-bekir-el-kelabazi-el-feradi
أبو القاسم علي التنوخي	kadi-ebul-kasim-ali-b-muhammed-et-tenuhi
أبو الليث نصر بن محمد السمرقندي	fakih-ebul-leys-nasr-b-muhammed-es-semerkandi
أبو المؤيد محمد بن محمود الخوارزمي	ebul-mueyyed-muhammed-b-mahmud-el-harezmi-el-hatib
أبو المعين ميمون النسفي	ebul-muin-meymun-b-muhammed-el-mekhuli-en-nesefi
أبو المعين ميمون المكحولي	ebul-muin-meymun-b-muhammed-el-mekhuli-en-nesefi
أبو اليسر البزدوي	sadrulislam-ebul-yusr-muhammed-b-muhammed-el-pezdevi
أبوه أبو اليسر البزدوي	sadrulislam-ebul-yusr-muhammed-b-muhammed-el-pezdevi
عمه صدر الإسلام أبو اليسر البزدوي	sadrulislam-ebul-yusr-muhammed-b-muhammed-el-pezdevi
ابنه أبو المعالي أحمد	sadrul-eimme-ebul-meali-ahmed-b-muhammed-el-pezdevi
فخر الإسلام علي البزدوي	fahrulislam-ebul-hasan-ali-b-muhammed-el-pezdevi
أبو بكر أحمد الجوزجاني	ebu-bekir-ahmed-b-ishak-el-cuzcani
أبو بكر أحمد بن إسحاق الجوزجاني	ebu-bekir-ahmed-b-ishak-el-cuzcani
أبو سليمان موسى الجوزجاني	ebu-suleyman-musa-b-suleyman-el-cuzcani
أبو بكر أحمد الظهير البلخي	ebu-bekir-ahmed-b-ali-ez-zahir-el-belhi
الظهير أحمد بن علي البلخي	ebu-bekir-ahmed-b-ali-ez-zahir-el-belhi
أبو بكر أحمد بن علي الرازي الجصاص	ebu-bekir-ahmed-b-ali-er-razi-el-cessas
أبو بكر الجصاص	ebu-bekir-ahmed-b-ali-er-razi-el-cessas
أبو بكر الجصاص الرازي	ebu-bekir-ahmed-b-ali-er-razi-el-cessas
أبو بكر الإسكاف	ebu-bekir-muhammed-b-ahmed-el-iskaf-el-belhi
أبو بكر الوراق	ebu-bekir-ahmed-b-ali-el-verrak-et-tirmizi
أبوه أبو بكر محمد بن موسى الخوارزمي	ebu-bekir-muhammed-b-musa-el-harezmi
أبو بكر محمد الخوارزمي	ebu-bekir-muhammed-b-musa-el-harezmi
أبو بكر محمد العياضي	ebu-bekir-muhammed-b-ahmed-el-iyazi
أبوه أبو نصر أحمد العياضي	ebu-nasr-ahmed-b-el-abbas-el-iyazi
ابنه أبو أحمد نصر العياضي	ebu-ahmed-nasr-b-ahmed-el-iyazi
أبو بكر محمد بن الحسن بن منصور النسفي	ebu-bekir-muhammed-b-el-hasan-en-nesefi
أبو تمام علي بن محمد الواسطي	ali-b-muhammed-el-vasiti
أبو حفص الكبير	ebu-hafs-el-kebir-ahmed-b-hafs-el-buhari
أبو عبد الله الحسين بن علي الصيمري	kadi-ebu-abdullah-el-huseyin-b-ali-es-saymeri
الحسين بن علي الصيمري	kadi-ebu-abdullah-el-huseyin-b-ali-es-saymeri
أبو عبد الله محمد بن علي الدامغاني	kadilkudat-ebu-abdullah-muhammed-b-ali-ed-damgani-el-kebir
قاضي القضاة أبو عبد الله محمد بن علي الدامغاني	kadilkudat-ebu-abdullah-muhammed-b-ali-ed-damgani-el-kebir
أبو عبد الله محمد بن يحيى الجرجاني	ebu-abdullah-muhammed-b-yahya-el-curcani
أبو عصمة نوح الجامع	ebu-isme-nuh-b-ebu-meryem-el-mervezi
أبو عمرو عثمان بن علي البيكندي	ebu-amr-osman-b-ali-el-beykendi-el-buhari
أبو محمد عبد الله الناصحي	ebu-muhammed-abdullah-b-el-huseyin-en-nasihi
أبوه أبو محمد عبد الله الناصحي	ebu-muhammed-abdullah-b-el-huseyin-en-nasihi
أبو نصر أحمد بن عبد الله الخيزاخزي	ebu-nasr-ahmed-b-abdullah-el-hayzahazi
والده عبد الله بن الفضل	ebu-muhammed-abdullah-b-el-fazl-el-hayzahazi
أبو يعقوب يوسف السكاكي	siraceddin-ebu-yakub-yusuf-b-muhammed-es-sekkaki
سراج الدين يوسف السكاكي	siraceddin-ebu-yakub-yusuf-b-muhammed-es-sekkaki
أبو يعقوب يوسف السياري	ebu-yakub-yusuf-b-mansur-es-seyyari
أبو يعقوب يوسف بن منصور السياري	ebu-yakub-yusuf-b-mansur-es-seyyari
أبوه أحمد بن إسحاق الصفار	ebu-nasr-ahmed-b-ishak-b-sis-es-saffar
ابنه أبو نصر أحمد بن إسحاق الصفار	ebu-nasr-ahmed-b-ishak-b-sis-es-saffar
أبوه إبراهيم بن إسماعيل الصفار	ebu-ishak-ibrahim-b-ismail-es-saffar
أبوه إسماعيل بن عبد الصادق	ismail-b-abdussadik-el-hatib-el-beyari
إسماعيل بن عبد الصادق	ismail-b-abdussadik-el-hatib-el-beyari
البدر الأبيض يوسف	el-bedrul-ebyaz-yusuf-b-el-huseyin-el-halebi
أبوه البدر الأبيض يوسف	el-bedrul-ebyaz-yusuf-b-el-huseyin-el-halebi
ابن الأبيض محمد بن يوسف	kazasker-muhammed-b-yusuf-ibnul-ebyaz-el-halebi
ابنه محمد بن يوسف ابن الأبيض	kazasker-muhammed-b-yusuf-ibnul-ebyaz-el-halebi
البدر الأبيض محمد بن يوسف	kazasker-muhammed-b-yusuf-ibnul-ebyaz-el-halebi
أبوه الحسين بن محمد البارعي	necmeddin-el-huseyin-b-muhammed-el-bari
أبوه الصدر الشهيد عمر	es-sadrus-sehid-husameddin-omer-b-abdulaziz-b-maze
ابنه الصدر الشهيد عمر	es-sadrus-sehid-husameddin-omer-b-abdulaziz-b-maze
عمه الصدر الشهيد عمر	es-sadrus-sehid-husameddin-omer-b-abdulaziz-b-maze
الصدر الشهيد حسام الدين عمر	es-sadrus-sehid-husameddin-omer-b-abdulaziz-b-maze
الصدر الشهيد حسام الدين عمر بن مازه	es-sadrus-sehid-husameddin-omer-b-abdulaziz-b-maze
أبوه القاضي أبو الهيثم عتبة	ebul-heysem-utbe-b-hayseme-en-nisaburi
القاضي أبو الهيثم عتبة	ebul-heysem-utbe-b-hayseme-en-nisaburi
الهيثم بن أبي الهيثم	el-heysem-b-ebul-heysem-utbe-en-nisaburi
برهان الدين الكبير عبد العزيز	burhanuleimme-burhaneddin-el-kebir-abdulaziz-b-omer-b-maze
أبوه برهان الدين الكبير عبد العزيز	burhanuleimme-burhaneddin-el-kebir-abdulaziz-b-omer-b-maze
أبوه برهان الدين عبد العزيز	burhanuleimme-burhaneddin-el-kebir-abdulaziz-b-omer-b-maze
برهان الأئمة عبد العزيز بن مازه	burhanuleimme-burhaneddin-el-kebir-abdulaziz-b-omer-b-maze
عبد العزيز بن عمر بن مازه	burhanuleimme-burhaneddin-el-kebir-abdulaziz-b-omer-b-maze
أبوه برهان الدين محمود صاحب المحيط	burhaneddin-mahmud-b-ahmed-b-maze
صاحب المحيط	burhaneddin-mahmud-b-ahmed-b-maze
أبوه بكر الزرنجري	semsuleimme-ebul-fazl-bekr-b-muhammed-ez-zerenceri
ابنه بكر الزرنجري	semsuleimme-ebul-fazl-bekr-b-muhammed-ez-zerenceri
شمس الأئمة بكر الزرنجري	semsuleimme-ebul-fazl-bekr-b-muhammed-ez-zerenceri
شمس الأئمة بكر بن محمد الزرنجري	semsuleimme-ebul-fazl-bekr-b-muhammed-ez-zerenceri
بكر بن محمد الزرنجري	semsuleimme-ebul-fazl-bekr-b-muhammed-ez-zerenceri
عماد الدين عمر الزرنجري	semsuleimme-imaduddin-omer-b-bekr-ez-zerenceri
أبوه جمال الدين عبيد الله المحبوبي	cemaleddin-ubeydullah-b-ibrahim-el-mahbubi
عبيد الله بن إبراهيم المحبوبي	cemaleddin-ubeydullah-b-ibrahim-el-mahbubi
أبوه صدر الشريعة أحمد	sadrusseria-el-ekber-semseddin-ahmed-b-ubeydullah-el-mahbubi
ابن ابنه صدر الشريعة عبيد الله بن مسعود	sadrusseria-el-asgar-ubeydullah-b-mesud-el-mahbubi
ابنه تاج الشريعة محمود بن أحمد	tacusseria-mahmud-b-ahmed-el-mahbubi
جده تاج الشريعة محمود بن صدر الشريعة	tacusseria-mahmud-b-ahmed-el-mahbubi
أبوه جمال الدين محمود الحصيري	cemaleddin-ebul-mehamid-mahmud-b-ahmed-el-hasiri
جمال الدين الحصيري	cemaleddin-ebul-mehamid-mahmud-b-ahmed-el-hasiri
أبوه شمس الدين الديري	kadilkudat-semseddin-muhammed-b-abdullah-ed-deyri-el-makdisi
ابنه سعد الدين الديري	kadilkudat-sadeddin-ibnud-deyri
أبوه محمد بن شهاب الكردري	nasiruddin-muhammed-b-sihab-el-kerderi
ناصر الدين محمد بن شهاب	nasiruddin-muhammed-b-sihab-el-kerderi
أبوه نجم الدين عمر النسفي	necmeddin-ebu-hafs-omer-b-muhammed-en-nesefi
عمر بن محمد النسفي	necmeddin-ebu-hafs-omer-b-muhammed-en-nesefi
أحمد الخيالي	semseddin-ahmed-b-musa-el-hayali
أحمد القريمي	ahmed-b-abdullah-el-kirimi
أحمد بن محمد البرتي	ebul-abbas-ahmed-b-muhammed-el-birti
أحمد بن محمد الناطفي	ebul-abbas-ahmed-b-muhammed-en-natifi
أحمد بن محمد العقيلي	semseddin-ahmed-b-muhammed-el-ukayli-el-buhari
أحمد بن محمد بن محمود الغزنوي	ahmed-b-muhammed-b-mahmud-el-gaznevi
أحمد بن محمود الغزنوي	ahmed-b-muhammed-b-mahmud-el-gaznevi
ابن المعلم إسماعيل	residuddin-ismail-b-osman-ibnul-muallim
ابن المعلم إسماعيل القرشي	residuddin-ismail-b-osman-ibnul-muallim
ابنه أحمد الخصاف	ahmed-b-omer-el-hassaf
ابنه حافظ الدين محمد البزازي	hafizuddin-muhammed-b-muhammed-el-bezzazi-el-kerderi
حافظ الدين محمد البزازي	hafizuddin-muhammed-b-muhammed-el-bezzazi-el-kerderi
ابنه شمس الأئمة محمود الأوزجندي	semsuleimme-mahmud-b-abdulaziz-el-ozcendi
جده محمود بن عبد العزيز الأوزجندي	semsuleimme-mahmud-b-abdulaziz-el-ozcendi
محمود بن عبد العزيز الأوزجندي	semsuleimme-mahmud-b-abdulaziz-el-ozcendi
ابنه صاحب الخلاصة	iftiharuddin-tahir-b-ahmed-el-buhari
افتخار الدين طاهر صاحب الخلاصة	iftiharuddin-tahir-b-ahmed-el-buhari
طاهر بن أحمد صاحب الخلاصة	iftiharuddin-tahir-b-ahmed-el-buhari
ابنه عبد الرحيم صاحب الفصول العمادية	zeyneddin-ebul-feth-abdurrahim-b-imaduddin-el-merginani
عبد الرحيم بن عماد الدين صاحب الفصول العمادية	zeyneddin-ebul-feth-abdurrahim-b-imaduddin-el-merginani
ابنه محمد ابن السراج	muhammed-b-omer-ibnus-sirac-er-razi
الأستاذ عبد الله السبذموني	ustad-ebu-muhammed-abdullah-b-muhammed-es-sebezmuni
عبد الله السبذموني	ustad-ebu-muhammed-abdullah-b-muhammed-es-sebezmuni
السيد الأشرف	seyyid-el-esref-b-ebul-vazzah-muhammed
السيد الشريف علي الجرجاني	es-seyyid-es-serif-ali-b-muhammed-el-curcani
السيد جلال الدين الكرلاني	seyyid-celaleddin-el-kurlani-el-harezmi
الزندويستي	zahid-yahya-b-ali-ez-zenduvisti
القاضي أبو منصور محمد بن عبد الجبار السمعاني	kadi-ebu-mansur-muhammed-b-abdulcebbar-es-semani
القاضي أبو خازم	kadi-ebu-hazim-abdulhamid-b-abdulaziz
القاضي أبو خازم عبد الحميد	kadi-ebu-hazim-abdulhamid-b-abdulaziz
القاضي أبو طاهر الدباس	ebu-tahir-muhammed-b-muhammed-ed-debbas
القاضي أبو علي الحسين النسفي	kadi-ebu-ali-el-huseyin-b-hizir-en-nesefi
القاضي أبو علي الحسين بن خضر النسفي	kadi-ebu-ali-el-huseyin-b-hizir-en-nesefi
القاضي إسحاق بن محمد الحكيم السمرقندي	ebul-kasim-ishak-b-muhammed-el-hakim-es-semerkandi
القاضي عبد العزيز بن عثمان النسفي	kadi-abdulaziz-b-osman-en-nesefi
القاضي محمد بن الحسين الأرسابندي	fahrul-kudat-ebu-bekir-muhammed-b-el-huseyin-el-ersabendi
فخر القضاة محمد بن الحسين الأرسابندي	fahrul-kudat-ebu-bekir-muhammed-b-el-huseyin-el-ersabendi
جمال الدين المطهر بن حسين اليزدي	kadilkudat-cemaleddin-ebu-sad-el-mutahhar-b-el-huseyin-el-yezdi
الملك المعظم عيسى	el-melikul-muazzam-serefeddin-isa-b-el-melikul-adil
الموفق أحمد بن محمد خطيب خوارزم	muvaffakuddin-ahtab-harezm-el-muvaffak-b-ahmed
بدر الدين عمر بن عبد الكريم الورسكي	bedreddin-omer-b-abdulkerim-el-verseki
بهاء الدين أيوب ابن النحاس الحلبي	bahaeddin-ebu-sabir-eyyub-b-ebu-bekir-en-nehhas-el-halebi
بهاء الدين محمد الإسبيجابي	bahaeddin-ebul-meali-muhammed-b-ahmed-el-isbicabi
جار الله محمود الزمخشري	carullah-ebul-kasim-mahmud-b-omer-ez-zemahseri
جده القاضي أحمد بن عبد الرحمن الريغدموني	kadi-cemaleddin-ebu-nasr-ahmed-b-abdurrahman-er-rigdemuni
الجمال أبو نصر أحمد بن عبد الرحمن الريغدموني	kadi-cemaleddin-ebu-nasr-ahmed-b-abdurrahman-er-rigdemuni
جمال الدين حامد بن محمد الريغدموني	kadi-cemaleddin-ebu-nasr-hamid-b-muhammed-er-rigdemuni
جده لأمه شرف الدين عمر بن محمد العقيلي	serefeddin-ebu-hafs-omer-b-muhammed-el-ukayli
شرف الدين عمر بن محمد العقيلي	serefeddin-ebu-hafs-omer-b-muhammed-el-ukayli
جعفر بن محمد المستغفري	ebul-abbas-cafer-b-muhammed-el-mustagfiri-en-nesefi
جلال الدين عمر الخبازي	celaleddin-omer-b-muhammed-el-habbazi
جلال الدين محمود بن الحسين الأستروشني	seyhulislam-celaleddin-mahmud-b-huseyin-el-usruseni
مجد الدين محمد بن محمود الأستروشني	mecduddin-muhammed-b-mahmud-el-usruseni
جمال الدين محمد الأقسرائي	cemaleddin-muhammed-b-muhammed-el-aksarayi
حافظ الدين الكبير محمد	hafizuddin-el-kebir-ebul-fazl-muhammed-b-muhammed-el-buhari
حافظ الدين الكبير محمد البخاري	hafizuddin-el-kebir-ebul-fazl-muhammed-b-muhammed-el-buhari
حافظ الدين محمد البخاري	hafizuddin-el-kebir-ebul-fazl-muhammed-b-muhammed-el-buhari
حافظ الدين عبد الله النسفي	hafizuddin-ebul-berekat-abdullah-b-ahmed-en-nesefi
حسام الدين الحسن السغناقي	husameddin-el-huseyin-b-ali-es-signaki
حسام الدين حسن السغناقي	husameddin-el-huseyin-b-ali-es-signaki
حسام الدين محمد الأخسيكثي	husameddin-muhammed-b-muhammed-el-ahsikesi
حميد الدين علي الضرير	hamiduddin-ali-b-muhammed-ed-darir-er-rami-i
خاله شمس الأئمة الكردري	semsuleimme-muhammed-b-abdussettar-el-kerderi
شمس الأئمة محمد الكردري	semsuleimme-muhammed-b-abdussettar-el-kerderi
شمس الأئمة محمد بن عبد الستار الكردري	semsuleimme-muhammed-b-abdussettar-el-kerderi
محمد بن عبد الستار الكردري	semsuleimme-muhammed-b-abdussettar-el-kerderi
خاله ظهير الدين الحسن بن علي المرغيناني	zahiruddin-el-kebir-ebul-mehasin-el-hasan-b-ali-el-merginani
ظهير الدين علي بن عبد العزيز المرغيناني	zahiruddin-el-kebir-ali-b-abdulaziz-el-merginani
ركن الدين محمد بن عبد الرشيد الكرماني	rukneddin-ebu-bekir-muhammed-b-abdurresid-el-kirmani
عمه مسعود بن الحسين الكشاني	rukneddin-mesud-b-el-huseyin-el-kesani
أبو المعالي مسعود بن الحسين الكشاني	rukneddin-mesud-b-el-huseyin-el-kesani
شمس الدين أحمد السروجي	ebul-abbas-ahmed-b-ibrahim-es-seruci
أبو العباس أحمد السروجي	ebul-abbas-ahmed-b-ibrahim-es-seruci
أبو العباس السروجي	ebul-abbas-ahmed-b-ibrahim-es-seruci
قاضي القضاة أحمد السروجي	ebul-abbas-ahmed-b-ibrahim-es-seruci
صدر الدين محمد الخلاطي	sadreddin-ebu-abdullah-muhammed-b-abbad-el-hilati
محمد بن عبد الخلاطي	sadreddin-ebu-abdullah-muhammed-b-abbad-el-hilati
ضياء الدين محمد بن الحسين البنديخي	ziyaeddin-muhammed-b-el-huseyin-el-bendenici
محمد بن عمر النوحاباذي	zahiruddin-muhammed-b-omer-en-nuhabadi
ظهير الدين محمد بن عمر البخاري	zahiruddin-muhammed-b-omer-en-nuhabadi
ظهير الدين محمد بن أحمد صاحب الفتاوى الظهيرية	zahiruddin-ebu-bekir-muhammed-b-ahmed-el-buhari-el-muhtesib
عبد الأول بن برهان الدين علي	abdulevvel-b-burhaneddin-ali-el-merginani
عبد الرحمن بن شجاع	ebul-ferec-abdurrahman-b-suca-el-bagdadi
ابنه أبو الفرج عبد الرحمن بن شجاع	ebul-ferec-abdurrahman-b-suca-el-bagdadi
أبوه أبو الغنائم شجاع	ebul-ganaim-suca-b-el-hasan-el-bagdadi
عبد العزيز البخاري	alaeddin-abdulaziz-b-ahmed-el-buhari
علاء الدين عبد العزيز البخاري	alaeddin-abdulaziz-b-ahmed-el-buhari
عبد اللطيف بن ملك	ibn-melek-abdullatif-b-abdulaziz
أبو بكر الكاساني صاحب البدائع	melikul-ulema-alaeddin-ebu-bekir-b-mesud-el-kasani
علاء الدين أبو بكر الكاساني	melikul-ulema-alaeddin-ebu-bekir-b-mesud-el-kasani
علاء الدين الكاساني	melikul-ulema-alaeddin-ebu-bekir-b-mesud-el-kasani
علاء الدين أبو بكر محمد السمرقندي	alaeddin-ebu-bekir-muhammed-b-ahmed-es-semerkandi
علاء الدين أبو بكر محمد بن أحمد السمرقندي	alaeddin-ebu-bekir-muhammed-b-ahmed-es-semerkandi
علاء الدين محمد بن أحمد السمرقندي	alaeddin-ebu-bekir-muhammed-b-ahmed-es-semerkandi
علاء الدين الطوسي	alaeddin-ali-et-tusi
ملا طوسي	alaeddin-ali-et-tusi
علاء الدين العربي	alaeddin-ali-el-arabi
علاء الدين علي المروزي	kadi-alaeddin-ali-el-mervezi
علاء الدين علي بن بلبان الفارسي	alaeddin-ali-b-belban-el-farisi
علاء الدين علي بن عثمان ابن التركماني	alaeddin-ali-b-osman-ibnut-turkmani-el-mardini
علاء الدين علي بن عثمان التركماني	alaeddin-ali-b-osman-ibnut-turkmani-el-mardini
العلاء بن التركماني	alaeddin-ali-b-osman-ibnut-turkmani-el-mardini
الفخر ابن التركماني	fahreddin-osman-b-ibrahim-el-mardini
فخر الدين عثمان المارديني	fahreddin-osman-b-ibrahim-el-mardini
علي الرستغفني	ebul-hasan-ali-b-said-er-rustugfeni
علي بن الحسن البرهان البلخي	ebul-hasan-ali-b-el-hasan-el-burhan-el-belhi
عماد الدين الحسين بن علي اللامشي	imaduddin-ebul-kasim-el-huseyin-b-ali-el-lamisi
فخر الدين محمد بن محمد المايمرغي	fahreddin-muhammed-b-muhammed-el-mayimurgi
فخر الدين أحمد بن علي ابن الفصيح	fahreddin-ebu-talib-ahmed-b-ali-el-hemedani-ibnul-fasih
فخر الدين بديع بن منصور القزبني	kadi-fahreddin-bedi-b-mansur-el-kazbini
فخر الدين البديع القزويني	kadi-fahreddin-bedi-b-mansur-el-kazbini
فخر الدين بديع القزويني	kadi-fahreddin-bedi-b-mansur-el-kazbini
فضل الله صاحب الفتاوى الصوفية	fazlullah-b-muhammed-b-eyyub
قاضي القضاة علي بن أحمد الطرسوسي	kadilkudat-imaduddin-ali-b-ahmed-et-tarsusi
قوام الدين أحمد بن عبد الرشيد	kivameddin-ahmed-b-abdurresid-el-buhari
أبوه قوام الدين أحمد	kivameddin-ahmed-b-abdurresid-el-buhari
قوام الدين محمد الكاكي	kivameddin-muhammed-b-muhammed-el-kaki
مجد الأئمة محمد بن عبد الله السرخكتي	mecduleimme-ebu-bekir-muhammed-b-abdullah-es-serhakti
مجد الأئمة السرخكي	mecduleimme-ebu-bekir-muhammed-b-abdullah-es-serhakti
محمد بن الفضل	imam-ebu-bekir-muhammed-b-el-fazl-el-kemari-el-buhari
محمد بن إبراهيم النكساري	muhyiddin-muhammed-b-ibrahim-en-niksari
محمود صاحب الحقائق	ebul-mehamid-mahmud-b-muhammed-el-lului-el-buhari
مختار الزاهدي	necmeddin-ebur-reca-muhtar-b-mahmud-ez-zahidi
مختار الزاهدي صاحب القنية	necmeddin-ebur-reca-muhtar-b-mahmud-ez-zahidi
مختار بن محمود الزاهدي صاحب القنية	necmeddin-ebur-reca-muhtar-b-mahmud-ez-zahidi
نجم الدين مختار الزاهدي	necmeddin-ebur-reca-muhtar-b-mahmud-ez-zahidi
صاحب القنية	necmeddin-ebur-reca-muhtar-b-mahmud-ez-zahidi
مظفر الدين أحمد ابن الساعاتي	muzafferuddin-ahmed-b-ali-ibnus-saati
ناصر الدين المطرزي	ebul-feth-nasir-b-abdusseyyid-el-mutarrizi
ناصر الدين المطرزي صاحب المغرب	ebul-feth-nasir-b-abdusseyyid-el-mutarrizi
برهان الدين ناصر المطرزي صاحب المغرب	ebul-feth-nasir-b-abdusseyyid-el-mutarrizi
نجم الدين الحكيمي	necmuleimme-el-hakimi
نجم الدين عمر الكاخشتواني	necmeddin-omer-b-ahmed-el-kahustuvani
نجم الدين يوسف الخاصي	necmeddin-yusuf-b-ahmed-el-hasi
نور الدين القره صوي	nureddin-yusuf-el-karasuvi
يوسف القراصوي	nureddin-yusuf-el-karasuvi
يوسف الكرماستي	yusuf-b-el-huseyin-el-kirmasti
يوسف بن محمد الخوارزمي	sadrul-kurra-residuleimme-yusuf-b-muhammed-el-harezmi-el-feydi
هبة الله التركستاني	sucauddin-hibetullah-b-ahmed-et-tarazi
هبة الله بن أحمد التركستاني	sucauddin-hibetullah-b-ahmed-et-tarazi
ركن الدين إمام زاده محمد بن أبي بكر	ruknulislam-imamzade-muhammed-b-ebu-bekir-el-cugi
إمام زاده	ruknulislam-imamzade-muhammed-b-ebu-bekir-el-cugi
ركن الدين زيرك محمد	rukneddin-zirek-muhammed
أبو العباس أحمد بن مسعود القونوي	ebul-abbas-ahmed-b-mesud-el-konevi
رضي الدين إبراهيم بن سليمان المنطقي	radiyyuddin-ibrahim-b-suleyman-er-rumi-el-konevi
