# Arapça	Türkçe okunuş (hoca ve talebe adları; fakihlerin kendi sayfası olanlar orada yazıldığı gibi alınır)
أبو الأزهر العبدي	Ebu'l-Ezher el-Abdi
أبو الحسن الدارقطني	Ebu'l-Hasan ed-Darekutni
أبو الحسن علي بن المظفر النيسابوري	Ebu'l-Hasan Ali b. el-Muzaffer en-Nisaburi
أبو الحسن محمد بن أحمد الزعفراني	Ebu'l-Hasan Muhammed b. Ahmed ez-Za'ferani
أبو الربيع سليمان	Ebu'r-Rebi' Süleyman
أبو العباس أحمد السروجي	Ebu'l-Abbas Ahmed es-Serüci
أبو العباس أحمد بن مسعود القونوي	Ebu'l-Abbas Ahmed b. Mes'ud el-Konevi
أبو العباس أحمد بن هارون	Ebu'l-Abbas Ahmed b. Harun
أبو العباس أحمد بن هارون التيان	Ebu'l-Abbas Ahmed b. Harun et-Teyyan
أبو العباس السروجي	Ebu'l-Abbas es-Serüci
أبو العلاء محمود الفرضي	Ebu'l-Ala Mahmud el-Feradi
أبو العلاء محمود الكلاباذي الفرضي	Ebu'l-Ala Mahmud el-Kelabazi el-Feradi
أبو الفتح محمد بن يوسف السمرقندي	Ebu'l-Feth Muhammed b. Yusuf es-Semerkandi
أبو الفضل بن ناصر	Ebu'l-Fadl b. Nasır
أبو الفضل عبد الرحمن الكرماني	Ebu'l-Fadl Abdurrahman el-Kirmani
أبو الفضل عبد الرحمن بن محمد الكرماني	Ebu'l-Fadl Abdurrahman b. Muhammed el-Kirmani
أبو القاسم الصفار	Ebu'l-Kasım es-Saffar
أبو القاسم علي التنوخي	Ebu'l-Kasım Ali et-Tenuhi
أبو الليث نصر بن محمد السمرقندي	Ebu'l-Leys Nasr b. Muhammed es-Semerkandi
أبو المؤيد محمد بن محمود الخوارزمي	Ebu'l-Müeyyed Muhammed b. Mahmud el-Harezmi
أبو المحامد محمود بن أحمد البخاري	Ebu'l-Mehamid Mahmud b. Ahmed el-Buhari
أبو المعالي محمد بن محمد بن زيد	Ebu'l-Meali Muhammed b. Muhammed b. Zeyd
أبو المعالي مسعود بن الحسين الكشاني	Ebu'l-Meali Mes'ud b. el-Hüseyn el-Keşani
أبو المعين ميمون المكحولي	Ebu'l-Muin Meymun el-Mekhuli
أبو المعين ميمون النسفي	Ebu'l-Muin Meymun en-Nesefi
أبو اليسر البزدوي	Ebu'l-Yüsr el-Pezdevi
أبو بكر أحمد الجوزجاني	Ebu Bekir Ahmed el-Cüzcani
أبو بكر أحمد الظهير البلخي	Ebu Bekir Ahmed ez-Zahir el-Belhi
أبو بكر أحمد بن إسحاق الجوزجاني	Ebu Bekir Ahmed b. İshak el-Cüzcani
أبو بكر أحمد بن علي الرازي الجصاص	Ebu Bekir Ahmed b. Ali er-Razi el-Cessas
أبو بكر الأعمش	Ebu Bekir el-A'meş
أبو بكر الأعمش محمد بن سعيد	Ebu Bekir el-A'meş Muhammed b. Said
أبو بكر الإسكاف	Ebu Bekir el-İskaf
أبو بكر الجصاص	Ebu Bekir el-Cessas
أبو بكر الجصاص الرازي	Ebu Bekir el-Cessas er-Razi
أبو بكر القزاز محمد بن علي	Ebu Bekir el-Kazzaz Muhammed b. Ali
أبو بكر الكاساني صاحب البدائع	Ebu Bekir el-Kasani, Bedai' müellifi
أبو بكر الوراق	Ebu Bekir el-Verrak
أبو بكر بن أبي شيبة	Ebu Bekir b. Ebi Şeybe
أبو بكر محمد الخوارزمي	Ebu Bekir Muhammed el-Harezmi
أبو بكر محمد العياضي	Ebu Bekir Muhammed el-Iyazi
أبو بكر محمد بن الحسن بن منصور النسفي	Ebu Bekir Muhammed b. el-Hasan b. Mansur en-Nesefi
أبو بكر محمد بن عبد الله	Ebu Bekir Muhammed b. Abdullah
أبو تمام علي بن محمد الواسطي	Ebu Temmam Ali b. Muhammed el-Vasiti
أبو جعفر أحمد بن أبي عمران	Ebu Ca'fer Ahmed b. Ebi İmran
أبو جعفر الأستروشني	Ebu Ca'fer el-Üsruşeni
أبو جعفر القاضي علي النسفي	Ebu Ca'fer el-Kadi Ali en-Nesefi
أبو حاتم الرازي	Ebu Hatim er-Razi
أبو حامد أحمد بن الحسين المروزي	Ebu Hamid Ahmed b. el-Hüseyn el-Mervezi
أبو حامد الطبري	Ebu Hamid et-Taberi
أبو حفص الكبير	Ebu Hafs el-Kebir
أبو حفص عمر بن منصور الحافظ	Ebu Hafs Ömer b. Mansur el-Hafız
أبو حفص عمر بن منصور بن حبيب	Ebu Hafs Ömer b. Mansur b. Habib
أبو حنيفة	Ebu Hanife
أبو حيان	Ebu Hayyan
أبو داود	Ebu Davud
أبو رجاء محمد بن حمدويه	Ebu Reca Muhammed b. Hamdeveyh
أبو زرعة العراقي	Ebu Zür'a el-Iraki
أبو سعيد الصيرفي	Ebu Said es-Sayrefi
أبو سليمان موسى الجوزجاني	Ebu Süleyman Musa el-Cüzcani
أبو سهل الزجاج	Ebu Sehl ez-Zeccac
أبو سهل هارون بن أحمد الإسفراييني	Ebu Sehl Harun b. Ahmed el-İsferayini
أبو عبد الله الحاكم النيسابوري	Ebu Abdullah el-Hakim en-Nisaburi
أبو عبد الله الحسين بن علي الصيمري	Ebu Abdullah el-Hüseyn b. Ali es-Saymeri
أبو عبد الله بن أبي حفص الكبير	Ebu Abdullah b. Ebi Hafs el-Kebir
أبو عبد الله محمد بن علي الدامغاني	Ebu Abdullah Muhammed b. Ali ed-Damegani
أبو عبد الله محمد بن يحيى الجرجاني	Ebu Abdullah Muhammed b. Yahya el-Cürcani
أبو عبيد القاسم بن سلام	Ebu Ubeyd el-Kasım b. Sellam
أبو عصمة نوح الجامع	Ebu İsme Nuh el-Cami'
أبو علي زاهر بن أحمد السرخسي	Ebu Ali Zahir b. Ahmed es-Serahsi
أبو علي محمد بن أحمد بن الوليد	Ebu Ali Muhammed b. Ahmed b. el-Velid
أبو عمرو عثمان بن علي البيكندي	Ebu Amr Osman b. Ali el-Beykendi
أبو كريب	Ebu Kureyb
أبو محمد عبد الله الناصحي	Ebu Muhammed Abdullah en-Nasıhi
أبو منصور موهوب	Ebu Mansur Mevhub
أبو نصر أحمد بن عبد الله الخيزاخزي	Ebu Nasr Ahmed b. Abdullah el-Hayzahazi
أبو نصر أحمد بن علي الحازمي	Ebu Nasr Ahmed b. Ali el-Hazimi
أبو نصر محمد بن سهل	Ebu Nasr Muhammed b. Sehl
أبو نعيم الأصبهاني	Ebu Nuaym el-İsfahani
أبو نعيم الفضل بن دكين	Ebu Nuaym el-Fadl b. Dükeyn
أبو نعيم عبد الملك بن محمد بن عدي	Ebu Nuaym Abdülmelik b. Muhammed b. Adi
أبو يعقوب يوسف السكاكي	Ebu Ya'kub Yusuf es-Sekkaki
أبو يعقوب يوسف السياري	Ebu Ya'kub Yusuf es-Seyyari
أبو يعقوب يوسف بن منصور السياري	Ebu Ya'kub Yusuf b. Mansur es-Seyyari
أبو يوسف	Ebu Yusuf
أبوه أبو الثناء محمود	babası Ebu's-Sena Mahmud
أبوه أبو العباس أحمد	babası Ebu'l-Abbas Ahmed
أبوه أبو الغنائم شجاع	babası Ebu'l-Ganaim Şuca'
أبوه أبو المعين محمد المكحولي	babası Ebu'l-Muin Muhammed el-Mekhuli
أبوه أبو الوضاح محمد	babası Ebu'l-Vaddah Muhammed
أبوه أبو اليسر البزدوي	babası Ebu'l-Yüsr el-Pezdevi
أبوه أبو بكر محمد بن موسى الخوارزمي	babası Ebu Bekir Muhammed b. Musa el-Harezmi
أبوه أبو حنيفة	babası Ebu Hanife
أبوه أبو محمد عبد الله الناصحي	babası Ebu Muhammed Abdullah en-Nasıhi
أبوه أبو نصر أحمد العياضي	babası Ebu Nasr Ahmed el-Iyazi
أبوه أحمد بن إسحاق الصفار	babası Ahmed b. İshak es-Saffar
أبوه أحمد بن عمر	babası Ahmed b. Ömer
أبوه أفضل الدين	babası Efdalüddin
أبوه إبراهيم بن إسماعيل الصفار	babası İbrahim b. İsmail es-Saffar
أبوه إسماعيل بن عبد الصادق	babası İsmail b. Abdüssadık
أبوه إسماعيل بن عثمان	babası İsmail b. Osman
أبوه البدر الأبيض يوسف	babası el-Bedr el-Ebyaz Yusuf
أبوه الحسين	babası el-Hüseyn
أبوه الحسين بن محمد البارعي	babası el-Hüseyn b. Muhammed el-Barii
أبوه الصدر السعيد أحمد	babası es-Sadrü's-Said Ahmed
أبوه الصدر الشهيد عمر	babası es-Sadrü'ş-Şehid Ömer
أبوه القاضي أبو الهيثم عتبة	babası Kadı Ebu'l-Heysem Utbe
أبوه برهان الدين الكبير عبد العزيز	babası Burhanüddin el-Kebir Abdülaziz
أبوه برهان الدين عبد العزيز	babası Burhanüddin Abdülaziz
أبوه برهان الدين محمود صاحب المحيط	babası Burhanüddin Mahmud, el-Muhit müellifi
أبوه بكر الزرنجري	babası Bekir ez-Zerenceri
أبوه تاج الدين إبراهيم بن الخطيب	babası Tacüddin İbrahim b. el-Hatib
أبوه جلال الدين	babası Celaleddin
أبوه جمال الدين عبيد الله المحبوبي	babası Cemaleddin Ubeydullah el-Mahbubi
أبوه جمال الدين محمود الحصيري	babası Cemaleddin Mahmud el-Hasiri
أبوه جوي	babası Cevi
أبوه حامد بن محمود	babası Hamid b. Mahmud
أبوه حماد	babası Hammad
أبوه حمزة	babası Hamza
أبوه خضر بيك	babası Hızır Bey
أبوه سراج الدين عمر	babası Siraceddin Ömer
أبوه شمس الدين الديري	babası Şemseddin ed-Deyri
أبوه شمس الدين الفناري	babası Şemseddin el-Fenari
أبوه شمس الدين محمد	babası Şemseddin Muhammed
أبوه شهاب الدين محمود	babası Şehabeddin Mahmud
أبوه صاحب الهداية	babası Hidaye müellifi
أبوه صدر الدين سليمان	babası Sadreddin Süleyman
أبوه صدر الدين سليمان بن وهب	babası Sadreddin Süleyman b. Vehb
أبوه صدر الشريعة أحمد	babası Sadrüşşeria Ahmed
أبوه عبد الرشيد	babası Abdürreşid
أبوه عبد السيد	babası Abdüsseyyid
أبوه عبد العزيز	babası Abdülaziz
أبوه عثمان	babası Osman
أبوه عثمان بن إبراهيم	babası Osman b. İbrahim
أبوه علاء الدين علي	babası Alaeddin Ali
أبوه علي الفناري	babası Ali el-Fenari
أبوه عماد الدين	babası İmadüddin
أبوه عمر بن مهير	babası Ömer b. Müheyr
أبوه عيسى	babası İsa
أبوه قاضي القضاة شمس الدين عبد الله الأذرعي	babası Kadılkudat Şemseddin Abdullah el-Ezrai
أبوه قاضي قسطموني	babası Kastamonu kadısı
أبوه قوام الدين أحمد	babası Kıvamüddin Ahmed
أبوه محمد	babası Muhammed
أبوه محمد بن أحمد	babası Muhammed b. Ahmed
أبوه محمد بن شهاب الكردري	babası Muhammed b. Şihab el-Kerderi
أبوه محمد شاه الفناري	babası Muhammed Şah el-Fenari
أبوه محمود بن الحسين	babası Mahmud b. el-Hüseyn
أبوه محيي الدين محمد العمادي	babası Muhyiddin Muhammed el-İmadi
أبوه مسعود صاحب المختصر المسعودي	babası Mes'ud, el-Muhtasarü'l-Mes'udi müellifi
أبوه موسى	babası Musa
أبوه نجم الدين عمر النسفي	babası Necmeddin Ömer en-Nesefi
أحمد الخيالي	Ahmed el-Hayali
أحمد القريمي	Ahmed el-Kırımi
أحمد بن حنبل	Ahmed b. Hanbel
أحمد بن محمد البرتي	Ahmed b. Muhammed el-Birti
أحمد بن محمد العقيلي	Ahmed b. Muhammed el-Ukayli
أحمد بن محمد الناطفي	Ahmed b. Muhammed en-Natifi
أحمد بن محمد بن محمود الغزنوي	Ahmed b. Muhammed b. Mahmud el-Gaznevi
أحمد بن محمود الغزنوي	Ahmed b. Mahmud el-Gaznevi
أحمد بن منيع	Ahmed b. Meni'
أخو المولى خسرو	Molla Hüsrev'in kardeşi
أخوه علاء الدين علي	kardeşi Alaeddin Ali
أشرف بن نجيب الكاساني	Eşref b. Necib el-Kasani
إبراهيم القيصري	İbrahim el-Kayseri
إبراهيم بن أدهم	İbrahim b. Edhem
إبراهيم بن رستم	İbrahim b. Rüstem
إسماعيل الكوراني	İsmail el-Kurani
إسماعيل بن أبي خالد	İsmail b. Ebi Halid
إسماعيل بن إسحاق القاضي	Kadı İsmail b. İshak
إسماعيل بن جعفر	İsmail b. Ca'fer
إسماعيل بن عبد الصادق	İsmail b. Abdüssadık
إسماعيل بن علية	İsmail b. Uleyye
إمام زاده	İmamzade
ابن أبي ليلى	İbn Ebi Leyla
ابن أخته محمد بن محمود خواهر زاده	kız kardeşinin oğlu Muhammed b. Mahmud Haherzade
ابن أخيه الحسن بن علي	yeğeni el-Hasan b. Ali
ابن أخيه علي بن مودود	yeğeni Ali b. Mevdud
ابن أمير حاج الحلبي	İbn Emir Hac el-Halebi
ابن إسحاق	İbn İshak
ابن ابنه أبو منصور أحمد بن محمد	torunu Ebu Mansur Ahmed b. Muhammed
ابن ابنه صدر الشريعة عبيد الله بن مسعود	torunu Sadrüşşeria Ubeydullah b. Mes'ud
ابن الأبيض محمد بن يوسف	İbnü'l-Ebyaz Muhammed b. Yusuf
ابن الزبيدي	İbnü'z-Zebidi
ابن الصواف	İbnü's-Savvaf
ابن المبارك	İbnü'l-Mübarek
ابن المعلم إسماعيل	İbnü'l-Muallim İsmail
ابن المعلم إسماعيل القرشي	İbnü'l-Muallim İsmail el-Kureşi
ابن جريج	İbn Cüreyc
ابن حجر العسقلاني	İbn Hacer el-Askalani
ابن عبد الدائم	İbn Abdüddaim
ابن عقيل	İbn Akil
ابن عون	İbn Avn
ابن عيينة	İbn Uyeyne
ابن كمال باشا	İbn Kemal Paşa
ابن ماجه	İbn Mace
ابنته فاطمة	kızı Fatıma
ابنه أبو أحمد نصر العياضي	oğlu Ebu Ahmed Nasr el-Iyazi
ابنه أبو السعود	oğlu Ebu's-Suud
ابنه أبو الفرج عبد الرحمن بن شجاع	oğlu Ebu'l-Ferec Abdurrahman b. Şuca'
ابنه أبو القاسم علي	oğlu Ebu'l-Kasım Ali
ابنه أبو القاسم مسعود	oğlu Ebu'l-Kasım Mes'ud
ابنه أبو الليث أحمد	oğlu Ebu'l-Leys Ahmed
ابنه أبو المظفر منصور	oğlu Ebu'l-Muzaffer Mansur
ابنه أبو المعالي أحمد	oğlu Ebu'l-Meali Ahmed
ابنه أبو حفص الصغير	oğlu Ebu Hafs es-Sagir
ابنه أبو سعد محمد بن صاعد	oğlu Ebu Sa'd Muhammed b. Saıd
ابنه أبو نصر أحمد	oğlu Ebu Nasr Ahmed
ابنه أبو نصر أحمد بن إسحاق الصفار	oğlu Ebu Nasr Ahmed b. İshak es-Saffar
ابنه أحمد	oğlu Ahmed
ابنه أحمد الخصاف	oğlu Ahmed el-Hassaf
ابنه إسماعيل	oğlu İsmail
ابنه الصدر السعيد أحمد	oğlu es-Sadrü's-Said Ahmed
ابنه الصدر الشهيد عمر	oğlu es-Sadrü'ş-Şehid Ömer
ابنه القاضي أبو الحسين أحمد	oğlu Kadı Ebu'l-Hüseyn Ahmed
ابنه القاضي أبو علي إسماعيل	oğlu Kadı Ebu Ali İsmail
ابنه الناصر داود	oğlu en-Nasır Davud
ابنه برهان الدين أحمد	oğlu Burhanüddin Ahmed
ابنه بكر الزرنجري	oğlu Bekir ez-Zerenceri
ابنه تاج الشريعة محمود بن أحمد	oğlu Tacüşşeria Mahmud b. Ahmed
ابنه جلال الدين محمد	oğlu Celaleddin Muhammed
ابنه جمال الدين محمود	oğlu Cemaleddin Mahmud
ابنه حافظ الدين محمد البزازي	oğlu Hafızüddin Muhammed el-Bezzazi
ابنه سراج الدين عمر	oğlu Siraceddin Ömer
ابنه سعد الدين الديري	oğlu Sa'deddin ed-Deyri
ابنه شمس الأئمة محمود الأوزجندي	oğlu Şemsüleimme Mahmud el-Özcendi
ابنه صاحب الخلاصة	oğlu, el-Hulasa müellifi
ابنه صدر الإسلام طاهر	oğlu Sadrülislam Tahir
ابنه ظهير الدين الحسن	oğlu Zahirüddin el-Hasan
ابنه ظهير الدين علي	oğlu Zahirüddin Ali
ابنه عبد الرحيم صاحب الفصول العمادية	oğlu Abdürrahim, el-Fusulü'l-İmadiyye müellifi
ابنه عبد العزيز	oğlu Abdülaziz
ابنه عبد الله	oğlu Abdullah
ابنه علاء الدين محمد	oğlu Alaeddin Muhammed
ابنه عماد الدين	oğlu İmadüddin
ابنه مجد الدين عبد الرحمن	oğlu Mecdüddin Abdurrahman
ابنه مجد الدين محمد	oğlu Mecdüddin Muhammed
ابنه محمد	oğlu Muhammed
ابنه محمد ابن السراج	oğlu Muhammed İbnü's-Sirac
ابنه محمد الناصحي	oğlu Muhammed en-Nasıhi
ابنه محمد بن أحمد	oğlu Muhammed b. Ahmed
ابنه محمد بن سليمان	oğlu Muhammed b. Süleyman
ابنه محمد بن مسعود	oğlu Muhammed b. Mes'ud
ابنه محمد بن يوسف ابن الأبيض	oğlu Muhammed b. Yusuf İbnü'l-Ebyaz
ابنه محمد شاه	oğlu Muhammed Şah
ابنه محمود	oğlu Mahmud
ابنه محمود صاحب الذخيرة	oğlu Mahmud, ez-Zahire müellifi
ابنه نظام الدين عمر	oğlu Nizameddin Ömer
ابنه يوسف بالي	oğlu Yusuf Bali
افتخار الدين طاهر صاحب الخلاصة	İftiharüddin Tahir, el-Hulasa müellifi
الأستاذ عبد الله السبذموني	Üstad Abdullah es-Sebezmuni
الأعمش	el-A'meş
الأوزاعي	el-Evzai
البخاري	el-Buhari
البدر ابن جماعة	el-Bedr İbn Cemaa
البدر الأبيض محمد بن يوسف	el-Bedr el-Ebyaz Muhammed b. Yusuf
البدر الأبيض يوسف	el-Bedr el-Ebyaz Yusuf
البدر الطويل داود الرومي	el-Bedr et-Tavil Davud er-Rumi
البدر محمود الكلستاني	el-Bedr Mahmud el-Gülistani
البرزالي	el-Birzali
البرهان حيدر	el-Burhan Haydar
البساطي	el-Bisati
الترمذي	et-Tirmizi
الجمال أبو نصر أحمد بن عبد الرحمن الريغدموني	el-Cemal Ebu Nasr Ahmed b. Abdurrahman er-Rigdemuni
الجمال يوسف الملطي	el-Cemal Yusuf el-Malati
الحاكم أبو إسحاق النوقدي	el-Hakim Ebu İshak en-Nukadi
الحاكم أبو عمرو محمد بن عبد العزيز القنطري	el-Hakim Ebu Amr Muhammed b. Abdülaziz el-Kantari
الحجاج بن أرطاة	el-Haccac b. Ertat
الحسن بن زياد	el-Hasan b. Ziyad
الحسين بن الحسن المقدسي	el-Hüseyn b. el-Hasan el-Makdisi
الحسين بن علي الصيمري	el-Hüseyn b. Ali es-Saymeri
الخطيب البغدادي	el-Hatib el-Bağdadi
الدبوسي	ed-Debusi
الدمياطي	ed-Dimyati
الدهقان محمد بن الحسن الكاساني	ed-Dihkan Muhammed b. el-Hasan el-Kasani
الرشيد العطار	er-Reşid el-Attar
الزندويستي	ez-Zendevisti
الزين البقالي محمد بن أبي القاسم	ez-Zeyn el-Bakkali Muhammed b. Ebi'l-Kasım
السمعاني	es-Sem'ani
السيد أبو شجاع	es-Seyyid Ebu Şuca'
السيد الأشرف	es-Seyyid el-Eşref
السيد الشريف علي الجرجاني	es-Seyyid eş-Şerif Ali el-Cürcani
السيد جلال الدين الكرلاني	es-Seyyid Celaleddin el-Kürlani
السيد محمد النقيب	es-Seyyid Muhammed en-Nakib
السيد ناصر الدين الشهيد السمرقندي	es-Seyyid Nasıreddin eş-Şehid es-Semerkandi
الشافعي	eş-Şafii
الشريف أبو هاشم	eş-Şerif Ebu Haşim
الشمس الحريري	eş-Şems el-Hariri
الشهاب بن المرحل	eş-Şihab b. el-Müreccil
الصدر الشهيد حسام الدين عمر	es-Sadrü'ş-Şehid Hüsameddin Ömer
الصدر الشهيد حسام الدين عمر بن مازه	es-Sadrü'ş-Şehid Hüsameddin Ömer b. Maze
الطحاوي	et-Tahavi
الطوسي	et-Tusi
الظهير أحمد بن علي البلخي	ez-Zahir Ahmed b. Ali el-Belhi
العلاء السيرامي	el-Ala es-Sirami
العلاء القونوي	el-Ala el-Konevi
العلاء بن التركماني	el-Ala İbnü't-Türkmani
العلاء بن المطرزي	el-Ala İbnü'l-Mutarrizi
الفخر ابن التركماني	el-Fahr İbnü't-Türkmani
الفضل بن موسى	el-Fadl b. Musa
القاضي أبو الهيثم عتبة	Kadı Ebu'l-Heysem Utbe
القاضي أبو خازم	Kadı Ebu Hazim
القاضي أبو خازم عبد الحميد	Kadı Ebu Hazim Abdülhamid
القاضي أبو طاهر الدباس	Kadı Ebu Tahir ed-Debbas
القاضي أبو علي الحسين النسفي	Kadı Ebu Ali el-Hüseyn en-Nesefi
القاضي أبو علي الحسين بن خضر النسفي	Kadı Ebu Ali el-Hüseyn b. Hızır en-Nesefi
القاضي أبو منصور محمد بن عبد الجبار السمعاني	Kadı Ebu Mansur Muhammed b. Abdülcebbar es-Sem'ani
القاضي إسحاق بن محمد الحكيم السمرقندي	Kadı İshak b. Muhammed el-Hakim es-Semerkandi
القاضي ظهير الدين البخاري	Kadı Zahirüddin el-Buhari
القاضي عبد العزيز بن عثمان النسفي	Kadı Abdülaziz b. Osman en-Nesefi
القاضي محمد بن الحسين الأرسابندي	Kadı Muhammed b. el-Hüseyn el-Ersabendi
القاضي محمد بن الحسين اليزدي	Kadı Muhammed b. el-Hüseyn el-Yezdi
الكلبي	el-Kelbi
الكمال السريجي	el-Kemal es-Süreyci
الليث	el-Leys
الليث بن المظفر	el-Leys b. el-Muzaffer
الليث بن سعد	el-Leys b. Sa'd
المؤيد الطوسي	el-Müeyyed et-Tusi
المجد التونسي	el-Mecd et-Tunusi
المحب ابن الشحنة	el-Muhib İbnü'ş-Şıhne
المزني	el-Müzeni
الملك المعظم عيسى	el-Melikü'l-Muazzam İsa
المنذري	el-Münziri
الموفق أحمد بن محمد خطيب خوارزم	el-Muvaffak Ahmed b. Muhammed, Harezm hatibi
المولى خضر بيك	Molla Hızır Bey
المولى خير الدين معلم السلطان سليمان	Molla Hayreddin, Sultan Süleyman'ın hocası
المولى لطفي	Molla Lutfi
المولى يكان	Molla Yegan
النسائي	en-Nesai
الهيثم بن أبي الهيثم	el-Heysem b. Ebi'l-Heysem
بدر الدين عمر بن عبد الكريم الورسكي	Bedreddin Ömer b. Abdülkerim el-Verseki
بدر الدين محمود بن إسرائيل	Bedreddin Mahmud b. İsrail
بدر الدين محمود بن الحسن العيني الشهركندي	Bedreddin Mahmud b. el-Hasan el-Ayni eş-Şehrkendi
برهان الأئمة عبد العزيز بن مازه	Burhanüleimme Abdülaziz b. Maze
برهان الدين الكبير عبد العزيز	Burhanüddin el-Kebir Abdülaziz
برهان الدين حيدر الهروي	Burhanüddin Haydar el-Herevi
برهان الدين مسعود	Burhanüddin Mes'ud
برهان الدين ناصر المطرزي صاحب المغرب	Burhanüddin Nasır el-Mutarrizi, el-Mugrib müellifi
بشر بن الوليد	Bişr b. el-Velid
بكر بن محمد الزرنجري	Bekir b. Muhammed ez-Zerenceri
بهاء الدين أيوب ابن النحاس الحلبي	Bahaeddin Eyyub İbnü'n-Nehhas el-Halebi
بهاء الدين محمد الإسبيجابي	Bahaeddin Muhammed el-İsbicabi
تاج الدين إبراهيم والد خطيب زاده	Tacüddin İbrahim, Hatibzade'nin babası
تاج الدين إسماعيل بن خليل	Tacüddin İsmail b. Halil
تاج الدين علي بن سنجر	Tacüddin Ali b. Sencer
جار الله محمود الزمخشري	Carullah Mahmud ez-Zemahşeri
جبريل بن صالح البغدادي	Cibril b. Salih el-Bağdadi
جده ابن الجوزي	dedesi İbnü'l-Cevzi
جده القاضي أحمد بن عبد الرحمن الريغدموني	dedesi Kadı Ahmed b. Abdurrahman er-Rigdemuni
جده تاج الشريعة محمود بن صدر الشريعة	dedesi Tacüşşeria Mahmud b. Sadrüşşeria
جده صاعد	dedesi Saıd
جده لأمه أبو نصر بن سهل	anne tarafından dedesi Ebu Nasr b. Sehl
جده لأمه شرف الدين عمر بن محمد العقيلي	anne tarafından dedesi Şerefüddin Ömer b. Muhammed el-Ukayli
جده محمود بن عبد العزيز الأوزجندي	dedesi Mahmud b. Abdülaziz el-Özcendi
جعفر بن الناجي	Ca'fer b. en-Naci
جعفر بن محمد المستغفري	Ca'fer b. Muhammed el-Müstağfiri
جلال الدين الدواني	Celaleddin ed-Devvani
جلال الدين السيوطي	Celaleddin es-Suyuti
جلال الدين عمر الخبازي	Celaleddin Ömer el-Habbazi
جلال الدين محمود بن الحسين الأستروشني	Celaleddin Mahmud b. el-Hüseyn el-Üsruşeni
جمال الدين الحصيري	Cemaleddin el-Hasiri
جمال الدين المطهر بن حسين اليزدي	Cemaleddin el-Mutahhar b. Hüseyn el-Yezdi
جمال الدين حامد بن محمد الريغدموني	Cemaleddin Hamid b. Muhammed er-Rigdemuni
جمال الدين محمد الأقسرائي	Cemaleddin Muhammed el-Aksarayi
حافظ الدين أبو الطاهر محمد بن محمد الطاهري	Hafızüddin Ebu't-Tahir Muhammed b. Muhammed et-Tahiri
حافظ الدين الكبير محمد	Hafızüddin el-Kebir Muhammed
حافظ الدين الكبير محمد البخاري	Hafızüddin el-Kebir Muhammed el-Buhari
حافظ الدين عبد الله النسفي	Hafızüddin Abdullah en-Nesefi
حافظ الدين محمد البخاري	Hafızüddin Muhammed el-Buhari
حافظ الدين محمد البزازي	Hafızüddin Muhammed el-Bezzazi
حسام الدين التوقاتي	Hüsameddin et-Tokadi
حسام الدين الحسن السغناقي	Hüsameddin el-Hasan es-Siğnaki
حسام الدين حسن السغناقي	Hüsameddin Hasan es-Siğnaki
حسام الدين محمد الأخسيكثي	Hüsameddin Muhammed el-Ahsikesi
حسام جلبي	Hüsam Çelebi
حفص بن غياث	Hafs b. Gıyas
حفيده عبد الله بن محمد السمرقندي	torunu Abdullah b. Muhammed es-Semerkandi
حفيده قاضيخان	torunu Kadıhan
حماد بن زيد	Hammad b. Zeyd
حميد الدين علي الضرير	Hamidüddin Ali ed-Darir
حميد الدين محمد بن علي النوقدي	Hamidüddin Muhammed b. Ali en-Nukadi
حميد الطويل	Humeyd et-Tavil
خاله أبو المكارم	dayısı Ebu'l-Mekarim
خاله شمس الأئمة الكردري	dayısı Şemsüleimme el-Kerderi
خاله ظهير الدين الحسن بن علي المرغيناني	dayısı Zahirüddin el-Hasan b. Ali el-Merginani
خضر بيك	Hızır Bey
خطيب زاده	Hatibzade
خلاد بن أسلم	Hallad b. Eslem
خواجه بهاء الدين نقشبند	Hace Bahaeddin Nakşibend
خواجه زاده	Hocazade
خواجه زاده مصطفى	Hocazade Mustafa
خواجه عبيد الله أحرار	Hace Ubeydullah Ahrar
خواجه عبيد الله السمرقندي	Hace Ubeydullah es-Semerkandi
خواجه علاء الدين العطار	Hace Alaeddin el-Attar
خواجه علي السمرقندي	Hace Ali es-Semerkandi
خواجه يوسف الهمداني	Hace Yusuf el-Hemedani
خير الدين العينتابي	Hayreddin el-Ayntabi
خير الدين خليل بن قاسم	Hayreddin Halil b. Kasım
خير الدين معلم السلطان	Hayreddin, Sultan'ın hocası
رضي الدين إبراهيم بن سليمان المنطقي	Radiyyüddin İbrahim b. Süleyman el-Mantıki
ركن الأئمة الوالجاني	Rüknüleimme el-Velvalici
ركن الإسلام أبو الفضل عبد الرحمن الكرماني	Rüknülislam Ebu'l-Fadl Abdurrahman el-Kirmani
ركن الدين إمام زاده محمد بن أبي بكر	Rükneddin İmamzade Muhammed b. Ebi Bekir
ركن الدين البداؤني	Rükneddin el-Bedayuni
ركن الدين السمرقندي	Rükneddin es-Semerkandi
ركن الدين الطاووسي	Rükneddin et-Tavusi
ركن الدين زيرك محمد	Rükneddin Zirek Muhammed
ركن الدين فيض الله الملتاني	Rükneddin Feyzullah el-Multani
ركن الدين محمد بن عبد الرشيد الكرماني	Rükneddin Muhammed b. Abdürreşid el-Kirmani
ركن الدين مسعود بن الحسن	Rükneddin Mes'ud b. el-Hasan
زفر	Züfer
زكي الدين مسعود بن الحسن الكشاني	Zekiyyüddin Mes'ud b. el-Hasan el-Keşani
زيد بن أسامة	Zeyd b. Üsame
زيرك زاده ركن الدين محمد	Zirekzade Rükneddin Muhammed
زين الدين العراقي	Zeynüddin el-Iraki
زين الدين قاسم بن قطلوبغا	Zeynüddin Kasım b. Kutluboğa
سراج الدين الثقفي	Siraceddin es-Sekafi
سراج الدين الثقفي الدهلوي	Siraceddin es-Sekafi ed-Dehlevi
سراج الدين عمر قارئ الهداية	Siraceddin Ömer Kariü'l-Hidaye
سراج الدين قارئ الهداية	Siraceddin Kariü'l-Hidaye
سراج الدين يوسف السكاكي	Siraceddin Yusuf es-Sekkaki
سعد الدين الكاشغري	Sa'deddin el-Kaşgari
سعدي جلبي	Sa'di Çelebi
سفيان الثوري	Süfyan es-Sevri
سفيان بن عيينة	Süfyan b. Uyeyne
سنان الدين	Sinaneddin
سنان باشا	Sinan Paşa
سيدي الحميدي	Seyyidi el-Humeydi
شداد بن حكيم	Şeddad b. Hakim
شرف الدين عمر بن محمد العقيلي	Şerefüddin Ömer b. Muhammed el-Ukayli
شريك	Şerik
شعبة	Şu'be
شمس الأئمة بكر الزرنجري	Şemsüleimme Bekir ez-Zerenceri
شمس الأئمة بكر بن محمد الزرنجري	Şemsüleimme Bekir b. Muhammed ez-Zerenceri
شمس الأئمة عبد العزيز الحلواني	Şemsüleimme Abdülaziz el-Halvani
شمس الأئمة محمد الكردري	Şemsüleimme Muhammed el-Kerderi
شمس الأئمة محمد بن عبد الستار الكردري	Şemsüleimme Muhammed b. Abdüssettar el-Kerderi
شمس الأئمة محمد بن عبد الكريم التركستاني	Şemsüleimme Muhammed b. Abdülkerim et-Türkistani
شمس الدين أبو الثناء الأصفهاني	Şemseddin Ebu's-Sena el-İsfahani
شمس الدين أحمد السروجي	Şemseddin Ahmed es-Serüci
شمس الدين أحمد بن كمال باشا	Şemseddin Ahmed b. Kemal Paşa
شمس الدين البساطي	Şemseddin el-Bisati
شمس الدين الخطيب	Şemseddin el-Hatib
شمس الدين الخطيب الدولي	Şemseddin el-Hatib ed-Devli
شمس الدين السخاوي	Şemseddin es-Sehavi
شمس الدين القريمي	Şemseddin el-Kırımi
شمس الدين عبد الله بن عطاء	Şemseddin Abdullah b. Ata
شمس الدين محمد الفناري	Şemseddin Muhammed el-Fenari
شمس الدين محمود	Şemseddin Mahmud
شمس الدين محمود الفرضي	Şemseddin Mahmud el-Feradi
شمس الدين محمود بن أبي بكر الكلاباذي	Şemseddin Mahmud b. Ebi Bekir el-Kelabazi
شمس الدين محمود بن أحمد	Şemseddin Mahmud b. Ahmed
صاحب القنية	el-Kunye müellifi
صاحب المحيط	el-Muhit müellifi
صاحب الهداية	Hidaye müellifi
صاعد بن محمد	Saıd b. Muhammed
صدر الأفاضل يوسف	Sadrüleafadıl Yusuf
صدر الدين سليمان بن وهب	Sadreddin Süleyman b. Vehb
صدر الدين محمد الخلاطي	Sadreddin Muhammed el-Hilati
صلاح الدين معلم السلطان بايزيد	Salahaddin, Sultan Bayezid'in hocası
ضياء الدين محمد بن الحسين البنديخي	Ziyaeddin Muhammed b. el-Hüseyn el-Bendihi
ضياء الدين محمود البندنيجي	Ziyaeddin Mahmud el-Bendeniçi
طاهر بن أحمد صاحب الخلاصة	Tahir b. Ahmed, el-Hulasa müellifi
ظهير الدين علي بن عبد العزيز المرغيناني	Zahirüddin Ali b. Abdülaziz el-Merginani
ظهير الدين محمد بن أحمد صاحب الفتاوى الظهيرية	Zahirüddin Muhammed b. Ahmed, el-Fetava'z-Zahiriyye müellifi
ظهير الدين محمد بن عمر البخاري	Zahirüddin Muhammed b. Ömer el-Buhari
عابد جلبي عبد العزيز بن يوسف الحسيني	Abid Çelebi Abdülaziz b. Yusuf el-Hüseyni
عاصم الأحول	Asım el-Ahvel
عبد الأول بن برهان الدين علي	Abdülevvel b. Burhanüddin Ali
عبد الحليم بن علي القسطموني	Abdülhalim b. Ali el-Kastamoni
عبد الدائم	Abdüddaim
عبد الرحمن بن شجاع	Abdurrahman b. Şuca'
عبد الرحمن بن علي	Abdurrahman b. Ali
عبد الرحمن بن مهدي	Abdurrahman b. Mehdi
عبد الرحيم بن عماد الدين صاحب الفصول العمادية	Abdürrahim b. İmadüddin, el-Fusulü'l-İmadiyye müellifi
عبد السلام البصري	Abdüsselam el-Basri
عبد العزيز البخاري	Abdülaziz el-Buhari
عبد العزيز بن عمر بن مازه	Abdülaziz b. Ömer b. Maze
عبد اللطيف بن ملك	Abdüllatif b. Melek
عبد الله السبذموني	Abdullah es-Sebezmuni
عبد المجيد بن إسماعيل قاضي بلاد الروم	Abdülmecid b. İsmail, Rum diyarı kadısı
عبد الواسع بن خضر	Abdülvasi' b. Hızır
عبد الوهاب الأنماطي	Abdülvehhab el-Enmati
عبد الوهاب بن أحمد بن وهبان الدمشقي	Abdülvehhab b. Ahmed b. Vehban ed-Dımaşki
عبيد الله بن إبراهيم المحبوبي	Ubeydullah b. İbrahim el-Mahbubi
عز الدين محمد بن أبي بكر بن جماعة	İzzeddin Muhammed b. Ebi Bekir b. Cemaa
علاء الدين أبو بكر الكاساني	Alaeddin Ebu Bekir el-Kasani
علاء الدين أبو بكر محمد السمرقندي	Alaeddin Ebu Bekir Muhammed es-Semerkandi
علاء الدين أبو بكر محمد بن أحمد السمرقندي	Alaeddin Ebu Bekir Muhammed b. Ahmed es-Semerkandi
علاء الدين الأسمندي السمرقندي	Alaeddin el-Esmendi es-Semerkandi
علاء الدين الطوسي	Alaeddin et-Tusi
علاء الدين العربي	Alaeddin el-Arabi
علاء الدين الكاساني	Alaeddin el-Kasani
علاء الدين سديد بن محمد الخياطي	Alaeddin Sedid b. Muhammed el-Hayyati
علاء الدين عبد العزيز البخاري	Alaeddin Abdülaziz el-Buhari
علاء الدين علي المروزي	Alaeddin Ali el-Mervezi
علاء الدين علي بن بلبان الفارسي	Alaeddin Ali b. Balaban el-Farisi
علاء الدين علي بن عثمان ابن التركماني	Alaeddin Ali b. Osman İbnü't-Türkmani
علاء الدين علي بن عثمان التركماني	Alaeddin Ali b. Osman et-Türkmani
علاء الدين محمد بن أحمد السمرقندي	Alaeddin Muhammed b. Ahmed es-Semerkandi
علاء الدين محمد بن عبد الحميد السمرقندي	Alaeddin Muhammed b. Abdülhamid es-Semerkandi
علم الدين السخاوي	Alemüddin es-Sehavi
علي الرستغفني	Ali er-Rüstüğfeni
علي القوشجي	Ali Kuşçu
علي القوشجي (بواسطة لطفي التوقاتي)	Ali Kuşçu (Lutfi et-Tokadi vasıtasıyla)
علي بن أمر الله	Ali b. Emrullah
علي بن الحسن البرهان البلخي	Ali b. el-Hasan el-Burhan el-Belhi
علي بن الحسين الصندلي	Ali b. el-Hüseyn es-Sandeli
علي بن المديني	Ali b. el-Medini
عماد الدين الحسين بن علي اللامشي	İmadüddin el-Hüseyn b. Ali el-Lamişi
عماد الدين عمر الزرنجري	İmadüddin Ömer ez-Zerenceri
عمر بن محمد النسفي	Ömer b. Muhammed en-Nesefi
عمه الصدر الشهيد عمر	amcası es-Sadrü'ş-Şehid Ömer
عمه زين الدين محمد بن أبي بكر	amcası Zeynüddin Muhammed b. Ebi Bekir
عمه صدر الإسلام أبو اليسر البزدوي	amcası Sadrülislam Ebu'l-Yüsr el-Pezdevi
عمه محمد المايمرغي	amcası Muhammed el-Maymergi
عمه مسعود بن الحسين الكشاني	amcası Mes'ud b. el-Hüseyn el-Keşani
غياث الدين باشا جلبي	Gıyaseddin Paşa Çelebi
فخر الإسلام علي البزدوي	Fahrülislam Ali el-Pezdevi
فخر الدين أحمد بن علي ابن الفصيح	Fahreddin Ahmed b. Ali İbnü'l-Fasih
فخر الدين البديع القزويني	Fahreddin el-Bedi' el-Kazvini
فخر الدين بديع القزويني	Fahreddin Bedi' el-Kazvini
فخر الدين بديع بن منصور القزبني	Fahreddin Bedi' b. Mansur el-Kazvini
فخر الدين عثمان المارديني	Fahreddin Osman el-Mardini
فخر الدين عثمان بن مصطفى المارديني	Fahreddin Osman b. Mustafa el-Mardini
فخر الدين محمد بن محمد المايمرغي	Fahreddin Muhammed b. Muhammed el-Maymergi
فخر القضاة محمد بن الحسين الأرسابندي	Fahrülkudat Muhammed b. el-Hüseyn el-Ersabendi
فضل الله صاحب الفتاوى الصوفية	Fazlullah, el-Fetava's-Sufiyye müellifi
قاسم بن قطلوبغا	Kasım b. Kutluboğa
قاضي القضاة أبو عبد الله محمد بن علي الدامغاني	Kadılkudat Ebu Abdullah Muhammed b. Ali ed-Damegani
قاضي القضاة أحمد السروجي	Kadılkudat Ahmed es-Serüci
قاضي القضاة علي بن أحمد الطرسوسي	Kadılkudat Ali b. Ahmed et-Tarsusi
قاضي القضاة محمد بن محمد بن الشحنة	Kadılkudat Muhammed b. Muhammed İbnü'ş-Şıhne
قاضي زاده قاسم	Kadızade Kasım
قاضي زاده موسى الرومي	Kadızade Musa er-Rumi
قاضيخان	Kadıhan
قاضيخان الحسن بن منصور	Kadıhan el-Hasan b. Mansur
قطب الدين المرزيفوني	Kutbüddin el-Merzifoni
قطب الدين محمد الرازي	Kutbüddin Muhammed er-Razi
قطب الدين محمد بن قاضي زاده	Kutbüddin Muhammed b. Kadızade
قوام الدين أحمد بن عبد الرشيد	Kıvamüddin Ahmed b. Abdürreşid
قوام الدين محمد الكاكي	Kıvamüddin Muhammed el-Kaki
كمال الدين قره كمال	Kemaleddin Karakemal
مؤيد زاده	Müeyyedzade
مالك	Malik
مالك بن أنس	Malik b. Enes
مبارك شاه المنطقي	Mübarekşah el-Mantıki
مجد الأئمة السرخكي	Mecdüleimme es-Serahki
مجد الأئمة محمد بن عبد الله السرخكتي	Mecdüleimme Muhammed b. Abdullah es-Serahketi
مجد الدين محمد بن محمود الأستروشني	Mecdüddin Muhammed b. Mahmud el-Üsruşeni
محمد المايمرغي	Muhammed el-Maymergi
محمد بن أبي سهل السرخسي	Muhammed b. Ebi Sehl es-Serahsi
محمد بن أدمغان	Muhammed b. Edmegan
محمد بن أدمغان (المولى يكان)	Muhammed b. Edmegan (Molla Yegan)
محمد بن أسلم	Muhammed b. Eslem
محمد بن إبراهيم النكساري	Muhammed b. İbrahim en-Niksari
محمد بن الحسن	Muhammed b. el-Hasan
محمد بن الفضل	Muhammed b. el-Fadl
محمد بن الفضل البلخي	Muhammed b. el-Fadl el-Belhi
محمد بن النضر	Muhammed b. en-Nadr
محمد بن حسن السامسوني	Muhammed b. Hasan es-Samsuni
محمد بن سلمة	Muhammed b. Seleme
محمد بن عبد الخلاطي	Muhammed b. Abd el-Hilati
محمد بن عبد الستار الكردري	Muhammed b. Abdüssettar el-Kerderi
محمد بن عصام	Muhammed b. İsam
محمد بن عمر النوحاباذي	Muhammed b. Ömer en-Nuhabazi
محمد بن محمد ابن الشحنة	Muhammed b. Muhammed İbnü'ş-Şıhne
محمد بن نصر المروزي	Muhammed b. Nasr el-Mervezi
محمد بن يحيى الذهلي	Muhammed b. Yahya ez-Zühli
محمد بن يزيد السلمي	Muhammed b. Yezid es-Sülemi
محمد بن يوسف العقيلي	Muhammed b. Yusuf el-Ukayli
محمد بن يوسف العلوي الحسيني	Muhammed b. Yusuf el-Alevi el-Hüseyni
محمد شاه جلبي	Muhammed Şah Çelebi
محمود بن عبد العزيز الأوزجندي	Mahmud b. Abdülaziz el-Özcendi
محمود بن محمد بن قاضي زاده	Mahmud b. Muhammed b. Kadızade
محمود صاحب الحقائق	Mahmud, el-Hakaik müellifi
محيي الدين الكفوي	Muhyiddin el-Kefevi
محيي الدين جلبي	Muhyiddin Çelebi
مختار الزاهدي	Muhtar ez-Zahidi
مختار الزاهدي صاحب القنية	Muhtar ez-Zahidi, el-Kunye müellifi
مختار بن محمود الزاهدي صاحب القنية	Muhtar b. Mahmud ez-Zahidi, el-Kunye müellifi
مسعر	Mis'ar
مسلم	Müslim
مصطفى بن خليل والد صاحب الشقائق	Mustafa b. Halil, eş-Şakaik müellifinin babası
مصلح الدين القسطلاني	Muslihuddin el-Kastallani
مصلح الدين القوجوي	Muslihuddin el-Kocevi
مظفر الدين أحمد ابن الساعاتي	Muzafferüddin Ahmed İbnü's-Saati
معلى بن منصور	Mualla b. Mansur
ملا خسرو	Molla Hüsrev
ملا طوسي	Molla Tusi
ملا فخر الدين	Molla Fahreddin
مير صدر الدين الشيرازي	Mir Sadreddin eş-Şirazi
ناصر الدين المطرزي	Nasıreddin el-Mutarrizi
ناصر الدين المطرزي صاحب المغرب	Nasıreddin el-Mutarrizi, el-Mugrib müellifi
ناصر الدين محمد	Nasıreddin Muhammed
ناصر الدين محمد بن شهاب	Nasıreddin Muhammed b. Şihab
نجم الدين الحكيمي	Necmeddin el-Hakimi
نجم الدين الملطي	Necmeddin el-Malati
نجم الدين طاهر بن محمد الحفصي	Necmeddin Tahir b. Muhammed el-Hafsi
نجم الدين عمر الكاخشتواني	Necmeddin Ömer el-Kahuştuvani
نجم الدين محمد بن أبي الثناء البغدادي	Necmeddin Muhammed b. Ebi's-Sena el-Bağdadi
نجم الدين مختار الزاهدي	Necmeddin Muhtar ez-Zahidi
نجم الدين يوسف الخاصي	Necmeddin Yusuf el-Hassi
نجم المشايخ علي بن محمد العمراني	Necmülmeşayih Ali b. Muhammed el-Umrani
نصر بن أحمد بن إسماعيل الكيسان	Nasr b. Ahmed b. İsmail el-Keysan
نصير بن يحيى	Nusayr b. Yahya
نظام الدين أحمد بن محمود الحصيري	Nizameddin Ahmed b. Mahmud el-Hasiri
نور الدين القره صوي	Nureddin el-Karasuvi
هبة الله التركستاني	Hibetullah et-Türkistani
هبة الله بن أحمد التركستاني	Hibetullah b. Ahmed et-Türkistani
هشام بن حسان	Hişam b. Hassan
هشام بن عروة	Hişam b. Urve
هلال بن يحيى البصري	Hilal b. Yahya el-Basri
والده إسماعيل الصفار	babası İsmail es-Saffar
والده حسام الدين الرازي	babası Hüsameddin er-Razi
والده عبد الرحمن بن إسحاق	babası Abdurrahman b. İshak
والده عبد الله بن الفضل	babası Abdullah b. el-Fadl
وجيه الدين الدهلوي	Vecihüddin ed-Dehlevi
وكيع	Veki'
ولده أحمد	oğlu Ahmed
ولده أحمد بن عثمان	oğlu Ahmed b. Osman
ولده إسماعيل	oğlu İsmail
ولده بدر الدين يوسف	oğlu Bedreddin Yusuf
ولده حسن باشا	oğlu Hasan Paşa
ولده علي بن عثمان	oğlu Ali b. Osman
ولده نجم الدين إبراهيم	oğlu Necmeddin İbrahim
ولي الدين العراقي	Veliyyüddin el-Iraki
يحيى السيرامي	Yahya es-Sirami
يحيى بن معين	Yahya b. Main
يوسف القراصوي	Yusuf el-Karasuvi
يوسف الكرماستي	Yusuf el-Kirmasti
يوسف بن أحمد ابن النحاس الحلبي	Yusuf b. Ahmed İbnü'n-Nehhas el-Halebi
يوسف بن المخيلي	Yusuf b. el-Muhayli
يوسف بن جنيد	Yusuf b. Cüneyd
يوسف بن شمس الدين الفناري	Yusuf b. Şemseddin el-Fenari
يوسف بن عمر الصوفي صاحب جامع المضمرات	Yusuf b. Ömer es-Sufi, Camiu'l-Muzmerat müellifi
يوسف بن عمر صاحب جامع المضمرات	Yusuf b. Ömer, Camiu'l-Muzmerat müellifi
يوسف بن محمد الخوارزمي	Yusuf b. Muhammed el-Harezmi
يونس بن عبد الأعلى	Yunus b. Abdüla'la
